<?xml version="1.0" encoding="UTF-8"?>
<?mso-application progid="Excel.Sheet"?>
<Workbook xmlns="urn:schemas-microsoft-com:office:spreadsheet"
xmlns:o="urn:schemas-microsoft-com:office:office"
xmlns:x="urn:schemas-microsoft-com:office:excel"
xmlns:ss="urn:schemas-microsoft-com:office:spreadsheet"
xmlns:html="http://www.w3.org/TR/REC-html40">
<Worksheet ss:Name="Table1">
	<Table>
		<Column ss:Index="2" ss:AutoFitWidth="0" ss:Width="110"/>
		<Column ss:Index="3" ss:AutoFitWidth="0" ss:Width="110"/>
		<Column ss:Index="4" ss:AutoFitWidth="0" ss:Width="110"/>
		<Column ss:Index="5" ss:AutoFitWidth="0" ss:Width="110"/>
		<Column ss:Index="6" ss:AutoFitWidth="0" ss:Width="110"/>
		<Column ss:Index="7" ss:AutoFitWidth="0" ss:Width="110"/>
		<Column ss:Index="8" ss:AutoFitWidth="0" ss:Width="110"/>
		<Column ss:Index="9" ss:AutoFitWidth="0" ss:Width="110"/>
		<Row>
			<Cell><Data ss:Type="String">number</Data></Cell>
			<Cell><Data ss:Type="String">product_Name</Data></Cell>
			<Cell><Data ss:Type="String">product_Size</Data></Cell>
			<Cell><Data ss:Type="String">product_Color</Data></Cell>
			<Cell><Data ss:Type="String">product_Category</Data></Cell>
			<Cell><Data ss:Type="String">product_Sub_Category</Data></Cell>
			<Cell><Data ss:Type="String">product_Image</Data></Cell>
			<Cell><Data ss:Type="String">product_Season</Data></Cell>
			<Cell><Data ss:Type="String">record_Data</Data></Cell>
		</Row>

		<Row>
			<Cell><Data ss:Type="Number">123</Data></Cell>
			<Cell><Data ss:Type="String">test1</Data></Cell>
			<Cell><Data ss:Type="String">t</Data></Cell>
			<Cell><Data ss:Type="String">t</Data></Cell>
			<Cell><Data ss:Type="String">top</Data></Cell>
			<Cell><Data ss:Type="String">asdf</Data></Cell>
			<Cell><Data ss:Type="String">...</Data></Cell>
			<Cell><Data ss:Type="String">미지정</Data></Cell>
			<Cell><Data ss:Type="String">2022-08-02 14:17:12</Data></Cell>
		</Row>
		<Row>
			<Cell><Data ss:Type="Number">5</Data></Cell>
			<Cell><Data ss:Type="String">가방_1</Data></Cell>
			<Cell><Data ss:Type="String"></Data></Cell>
			<Cell><Data ss:Type="String">purple</Data></Cell>
			<Cell><Data ss:Type="String">bag</Data></Cell>
			<Cell><Data ss:Type="String"></Data></Cell>
			<Cell><Data ss:Type="String">...</Data></Cell>
			<Cell><Data ss:Type="String">22s/s</Data></Cell>
			<Cell><Data ss:Type="String">2022-07-28 12:11:55</Data></Cell>
		</Row>
		<Row>
			<Cell><Data ss:Type="Number">104</Data></Cell>
			<Cell><Data ss:Type="String">가방_10</Data></Cell>
			<Cell><Data ss:Type="String">pink</Data></Cell>
			<Cell><Data ss:Type="String"></Data></Cell>
			<Cell><Data ss:Type="String">bag</Data></Cell>
			<Cell><Data ss:Type="String"></Data></Cell>
			<Cell><Data ss:Type="String">...</Data></Cell>
			<Cell><Data ss:Type="String"></Data></Cell>
			<Cell><Data ss:Type="String">2022-08-01 18:16:39</Data></Cell>
		</Row>
		<Row>
			<Cell><Data ss:Type="Number">105</Data></Cell>
			<Cell><Data ss:Type="String">가방_11</Data></Cell>
			<Cell><Data ss:Type="String">yellow</Data></Cell>
			<Cell><Data ss:Type="String"></Data></Cell>
			<Cell><Data ss:Type="String">bag</Data></Cell>
			<Cell><Data ss:Type="String"></Data></Cell>
			<Cell><Data ss:Type="String">...</Data></Cell>
			<Cell><Data ss:Type="String"></Data></Cell>
			<Cell><Data ss:Type="String">2022-08-01 18:16:39</Data></Cell>
		</Row>
		<Row>
			<Cell><Data ss:Type="Number">106</Data></Cell>
			<Cell><Data ss:Type="String">가방_12</Data></Cell>
			<Cell><Data ss:Type="String">ivory</Data></Cell>
			<Cell><Data ss:Type="String"></Data></Cell>
			<Cell><Data ss:Type="String">bag</Data></Cell>
			<Cell><Data ss:Type="String"></Data></Cell>
			<Cell><Data ss:Type="String">...</Data></Cell>
			<Cell><Data ss:Type="String"></Data></Cell>
			<Cell><Data ss:Type="String">2022-08-01 18:16:39</Data></Cell>
		</Row>
		<Row>
			<Cell><Data ss:Type="Number">6</Data></Cell>
			<Cell><Data ss:Type="String">가방_2</Data></Cell>
			<Cell><Data ss:Type="String"></Data></Cell>
			<Cell><Data ss:Type="String">brown</Data></Cell>
			<Cell><Data ss:Type="String">bag</Data></Cell>
			<Cell><Data ss:Type="String"></Data></Cell>
			<Cell><Data ss:Type="String">...</Data></Cell>
			<Cell><Data ss:Type="String">22f/w</Data></Cell>
			<Cell><Data ss:Type="String">2022-07-28 12:13:09</Data></Cell>
		</Row>
		<Row>
			<Cell><Data ss:Type="Number">97</Data></Cell>
			<Cell><Data ss:Type="String">가방_3</Data></Cell>
			<Cell><Data ss:Type="String">beige</Data></Cell>
			<Cell><Data ss:Type="String"></Data></Cell>
			<Cell><Data ss:Type="String">bag</Data></Cell>
			<Cell><Data ss:Type="String"></Data></Cell>
			<Cell><Data ss:Type="String">...</Data></Cell>
			<Cell><Data ss:Type="String"></Data></Cell>
			<Cell><Data ss:Type="String">2022-08-01 18:16:39</Data></Cell>
		</Row>
		<Row>
			<Cell><Data ss:Type="Number">98</Data></Cell>
			<Cell><Data ss:Type="String">가방_4</Data></Cell>
			<Cell><Data ss:Type="String">green</Data></Cell>
			<Cell><Data ss:Type="String"></Data></Cell>
			<Cell><Data ss:Type="String">bag</Data></Cell>
			<Cell><Data ss:Type="String"></Data></Cell>
			<Cell><Data ss:Type="String">...</Data></Cell>
			<Cell><Data ss:Type="String"></Data></Cell>
			<Cell><Data ss:Type="String">2022-08-02 09:53:32</Data></Cell>
		</Row>
		<Row>
			<Cell><Data ss:Type="Number">99</Data></Cell>
			<Cell><Data ss:Type="String">가방_5</Data></Cell>
			<Cell><Data ss:Type="String">green</Data></Cell>
			<Cell><Data ss:Type="String"></Data></Cell>
			<Cell><Data ss:Type="String">bag</Data></Cell>
			<Cell><Data ss:Type="String"></Data></Cell>
			<Cell><Data ss:Type="String">...</Data></Cell>
			<Cell><Data ss:Type="String"></Data></Cell>
			<Cell><Data ss:Type="String">2022-08-02 10:21:27</Data></Cell>
		</Row>
		<Row>
			<Cell><Data ss:Type="Number">100</Data></Cell>
			<Cell><Data ss:Type="String">가방_6</Data></Cell>
			<Cell><Data ss:Type="String">ivory</Data></Cell>
			<Cell><Data ss:Type="String"></Data></Cell>
			<Cell><Data ss:Type="String">bag</Data></Cell>
			<Cell><Data ss:Type="String"></Data></Cell>
			<Cell><Data ss:Type="String">...</Data></Cell>
			<Cell><Data ss:Type="String"></Data></Cell>
			<Cell><Data ss:Type="String">2022-08-01 18:16:39</Data></Cell>
		</Row>
		<Row>
			<Cell><Data ss:Type="Number">101</Data></Cell>
			<Cell><Data ss:Type="String">가방_7</Data></Cell>
			<Cell><Data ss:Type="String">brown</Data></Cell>
			<Cell><Data ss:Type="String"></Data></Cell>
			<Cell><Data ss:Type="String">bag</Data></Cell>
			<Cell><Data ss:Type="String"></Data></Cell>
			<Cell><Data ss:Type="String">...</Data></Cell>
			<Cell><Data ss:Type="String"></Data></Cell>
			<Cell><Data ss:Type="String">2022-08-01 18:16:39</Data></Cell>
		</Row>
		<Row>
			<Cell><Data ss:Type="Number">102</Data></Cell>
			<Cell><Data ss:Type="String">가방_8</Data></Cell>
			<Cell><Data ss:Type="String">white</Data></Cell>
			<Cell><Data ss:Type="String"></Data></Cell>
			<Cell><Data ss:Type="String">bag</Data></Cell>
			<Cell><Data ss:Type="String"></Data></Cell>
			<Cell><Data ss:Type="String">...</Data></Cell>
			<Cell><Data ss:Type="String"></Data></Cell>
			<Cell><Data ss:Type="String">2022-08-01 18:16:39</Data></Cell>
		</Row>
		<Row>
			<Cell><Data ss:Type="Number">103</Data></Cell>
			<Cell><Data ss:Type="String">가방_9</Data></Cell>
			<Cell><Data ss:Type="String">skyblue</Data></Cell>
			<Cell><Data ss:Type="String"></Data></Cell>
			<Cell><Data ss:Type="String">bag</Data></Cell>
			<Cell><Data ss:Type="String"></Data></Cell>
			<Cell><Data ss:Type="String">...</Data></Cell>
			<Cell><Data ss:Type="String"></Data></Cell>
			<Cell><Data ss:Type="String">2022-08-01 18:16:39</Data></Cell>
		</Row>
		<Row>
			<Cell><Data ss:Type="Number">1</Data></Cell>
			<Cell><Data ss:Type="String">상의_1</Data></Cell>
			<Cell><Data ss:Type="String"></Data></Cell>
			<Cell><Data ss:Type="String">white</Data></Cell>
			<Cell><Data ss:Type="String">top</Data></Cell>
			<Cell><Data ss:Type="String">반팔셔츠</Data></Cell>
			<Cell><Data ss:Type="String">...</Data></Cell>
			<Cell><Data ss:Type="String">22s/s</Data></Cell>
			<Cell><Data ss:Type="String">2022-07-28 12:12:14</Data></Cell>
		</Row>
		<Row>
			<Cell><Data ss:Type="Number">96</Data></Cell>
			<Cell><Data ss:Type="String">상의_10</Data></Cell>
			<Cell><Data ss:Type="String"></Data></Cell>
			<Cell><Data ss:Type="String">white</Data></Cell>
			<Cell><Data ss:Type="String">top</Data></Cell>
			<Cell><Data ss:Type="String">반팔</Data></Cell>
			<Cell><Data ss:Type="String">...</Data></Cell>
			<Cell><Data ss:Type="String">22s/s</Data></Cell>
			<Cell><Data ss:Type="String">2022-08-01 18:14:10</Data></Cell>
		</Row>
		<Row>
			<Cell><Data ss:Type="Number">107</Data></Cell>
			<Cell><Data ss:Type="String">상의_11</Data></Cell>
			<Cell><Data ss:Type="String"></Data></Cell>
			<Cell><Data ss:Type="String">puple</Data></Cell>
			<Cell><Data ss:Type="String">top</Data></Cell>
			<Cell><Data ss:Type="String">원피스</Data></Cell>
			<Cell><Data ss:Type="String">...</Data></Cell>
			<Cell><Data ss:Type="String"></Data></Cell>
			<Cell><Data ss:Type="String">2022-08-01 18:18:52</Data></Cell>
		</Row>
		<Row>
			<Cell><Data ss:Type="Number">108</Data></Cell>
			<Cell><Data ss:Type="String">상의_12</Data></Cell>
			<Cell><Data ss:Type="String"></Data></Cell>
			<Cell><Data ss:Type="String">black</Data></Cell>
			<Cell><Data ss:Type="String">top</Data></Cell>
			<Cell><Data ss:Type="String">원피스</Data></Cell>
			<Cell><Data ss:Type="String">...</Data></Cell>
			<Cell><Data ss:Type="String"></Data></Cell>
			<Cell><Data ss:Type="String">2022-08-01 18:18:52</Data></Cell>
		</Row>
		<Row>
			<Cell><Data ss:Type="Number">109</Data></Cell>
			<Cell><Data ss:Type="String">상의_13</Data></Cell>
			<Cell><Data ss:Type="String"></Data></Cell>
			<Cell><Data ss:Type="String">white</Data></Cell>
			<Cell><Data ss:Type="String">top</Data></Cell>
			<Cell><Data ss:Type="String">원피스</Data></Cell>
			<Cell><Data ss:Type="String">...</Data></Cell>
			<Cell><Data ss:Type="String"></Data></Cell>
			<Cell><Data ss:Type="String">2022-08-01 18:18:52</Data></Cell>
		</Row>
		<Row>
			<Cell><Data ss:Type="Number">110</Data></Cell>
			<Cell><Data ss:Type="String">상의_14</Data></Cell>
			<Cell><Data ss:Type="String"></Data></Cell>
			<Cell><Data ss:Type="String">green</Data></Cell>
			<Cell><Data ss:Type="String">top</Data></Cell>
			<Cell><Data ss:Type="String">원피스</Data></Cell>
			<Cell><Data ss:Type="String">...</Data></Cell>
			<Cell><Data ss:Type="String"></Data></Cell>
			<Cell><Data ss:Type="String">2022-08-01 18:18:52</Data></Cell>
		</Row>
		<Row>
			<Cell><Data ss:Type="Number">111</Data></Cell>
			<Cell><Data ss:Type="String">상의_15</Data></Cell>
			<Cell><Data ss:Type="String"></Data></Cell>
			<Cell><Data ss:Type="String">blue</Data></Cell>
			<Cell><Data ss:Type="String">top</Data></Cell>
			<Cell><Data ss:Type="String">원피스</Data></Cell>
			<Cell><Data ss:Type="String">...</Data></Cell>
			<Cell><Data ss:Type="String"></Data></Cell>
			<Cell><Data ss:Type="String">2022-08-01 18:18:52</Data></Cell>
		</Row>
		<Row>
			<Cell><Data ss:Type="Number">2</Data></Cell>
			<Cell><Data ss:Type="String">상의_2</Data></Cell>
			<Cell><Data ss:Type="String"></Data></Cell>
			<Cell><Data ss:Type="String">white</Data></Cell>
			<Cell><Data ss:Type="String">top</Data></Cell>
			<Cell><Data ss:Type="String">반팔</Data></Cell>
			<Cell><Data ss:Type="String">...</Data></Cell>
			<Cell><Data ss:Type="String">22s/s</Data></Cell>
			<Cell><Data ss:Type="String">2022-07-28 12:13:09</Data></Cell>
		</Row>
		<Row>
			<Cell><Data ss:Type="Number">89</Data></Cell>
			<Cell><Data ss:Type="String">상의_3</Data></Cell>
			<Cell><Data ss:Type="String"></Data></Cell>
			<Cell><Data ss:Type="String">white</Data></Cell>
			<Cell><Data ss:Type="String">top</Data></Cell>
			<Cell><Data ss:Type="String">반팔</Data></Cell>
			<Cell><Data ss:Type="String">...</Data></Cell>
			<Cell><Data ss:Type="String">22s/s</Data></Cell>
			<Cell><Data ss:Type="String">2022-08-01 18:10:18</Data></Cell>
		</Row>
		<Row>
			<Cell><Data ss:Type="Number">90</Data></Cell>
			<Cell><Data ss:Type="String">상의_4</Data></Cell>
			<Cell><Data ss:Type="String"></Data></Cell>
			<Cell><Data ss:Type="String">pink</Data></Cell>
			<Cell><Data ss:Type="String">top</Data></Cell>
			<Cell><Data ss:Type="String">반팔</Data></Cell>
			<Cell><Data ss:Type="String">...</Data></Cell>
			<Cell><Data ss:Type="String">22s/s</Data></Cell>
			<Cell><Data ss:Type="String">2022-08-01 18:08:15</Data></Cell>
		</Row>
		<Row>
			<Cell><Data ss:Type="Number">91</Data></Cell>
			<Cell><Data ss:Type="String">상의_5</Data></Cell>
			<Cell><Data ss:Type="String"></Data></Cell>
			<Cell><Data ss:Type="String"></Data></Cell>
			<Cell><Data ss:Type="String">top</Data></Cell>
			<Cell><Data ss:Type="String">반팔가디건</Data></Cell>
			<Cell><Data ss:Type="String">...</Data></Cell>
			<Cell><Data ss:Type="String">22s/s</Data></Cell>
			<Cell><Data ss:Type="String">2022-08-01 18:09:10</Data></Cell>
		</Row>
		<Row>
			<Cell><Data ss:Type="Number">92</Data></Cell>
			<Cell><Data ss:Type="String">상의_6</Data></Cell>
			<Cell><Data ss:Type="String"></Data></Cell>
			<Cell><Data ss:Type="String">white</Data></Cell>
			<Cell><Data ss:Type="String">top</Data></Cell>
			<Cell><Data ss:Type="String">반팔</Data></Cell>
			<Cell><Data ss:Type="String">...</Data></Cell>
			<Cell><Data ss:Type="String">22s/s</Data></Cell>
			<Cell><Data ss:Type="String">2022-08-01 18:09:55</Data></Cell>
		</Row>
		<Row>
			<Cell><Data ss:Type="Number">93</Data></Cell>
			<Cell><Data ss:Type="String">상의_7</Data></Cell>
			<Cell><Data ss:Type="String"></Data></Cell>
			<Cell><Data ss:Type="String">blue</Data></Cell>
			<Cell><Data ss:Type="String">top</Data></Cell>
			<Cell><Data ss:Type="String">반팔</Data></Cell>
			<Cell><Data ss:Type="String">...</Data></Cell>
			<Cell><Data ss:Type="String">22s/s</Data></Cell>
			<Cell><Data ss:Type="String">2022-08-01 18:11:07</Data></Cell>
		</Row>
		<Row>
			<Cell><Data ss:Type="Number">94</Data></Cell>
			<Cell><Data ss:Type="String">상의_8</Data></Cell>
			<Cell><Data ss:Type="String"></Data></Cell>
			<Cell><Data ss:Type="String">purple</Data></Cell>
			<Cell><Data ss:Type="String">top</Data></Cell>
			<Cell><Data ss:Type="String">반팔</Data></Cell>
			<Cell><Data ss:Type="String">...</Data></Cell>
			<Cell><Data ss:Type="String">22s/s</Data></Cell>
			<Cell><Data ss:Type="String">2022-08-01 18:11:54</Data></Cell>
		</Row>
		<Row>
			<Cell><Data ss:Type="Number">95</Data></Cell>
			<Cell><Data ss:Type="String">상의_9</Data></Cell>
			<Cell><Data ss:Type="String"></Data></Cell>
			<Cell><Data ss:Type="String">yellow</Data></Cell>
			<Cell><Data ss:Type="String">top</Data></Cell>
			<Cell><Data ss:Type="String">반팔</Data></Cell>
			<Cell><Data ss:Type="String">...</Data></Cell>
			<Cell><Data ss:Type="String">22s/s</Data></Cell>
			<Cell><Data ss:Type="String">2022-08-01 18:13:27</Data></Cell>
		</Row>
		<Row>
			<Cell><Data ss:Type="Number">7</Data></Cell>
			<Cell><Data ss:Type="String">신발_1</Data></Cell>
			<Cell><Data ss:Type="String"></Data></Cell>
			<Cell><Data ss:Type="String">ivory</Data></Cell>
			<Cell><Data ss:Type="String">shoes</Data></Cell>
			<Cell><Data ss:Type="String"></Data></Cell>
			<Cell><Data ss:Type="String">...</Data></Cell>
			<Cell><Data ss:Type="String">22s/s</Data></Cell>
			<Cell><Data ss:Type="String">2022-07-28 12:13:09</Data></Cell>
		</Row>
		<Row>
			<Cell><Data ss:Type="Number">67</Data></Cell>
			<Cell><Data ss:Type="String">신발_10</Data></Cell>
			<Cell><Data ss:Type="String"></Data></Cell>
			<Cell><Data ss:Type="String"></Data></Cell>
			<Cell><Data ss:Type="String">shoes</Data></Cell>
			<Cell><Data ss:Type="String">신발</Data></Cell>
			<Cell><Data ss:Type="String">...</Data></Cell>
			<Cell><Data ss:Type="String"></Data></Cell>
			<Cell><Data ss:Type="String">2022-07-29 18:26:31</Data></Cell>
		</Row>
		<Row>
			<Cell><Data ss:Type="Number">68</Data></Cell>
			<Cell><Data ss:Type="String">신발_11</Data></Cell>
			<Cell><Data ss:Type="String"></Data></Cell>
			<Cell><Data ss:Type="String"></Data></Cell>
			<Cell><Data ss:Type="String">shoes</Data></Cell>
			<Cell><Data ss:Type="String">신발</Data></Cell>
			<Cell><Data ss:Type="String">...</Data></Cell>
			<Cell><Data ss:Type="String"></Data></Cell>
			<Cell><Data ss:Type="String">2022-07-29 18:26:31</Data></Cell>
		</Row>
		<Row>
			<Cell><Data ss:Type="Number">69</Data></Cell>
			<Cell><Data ss:Type="String">신발_12</Data></Cell>
			<Cell><Data ss:Type="String"></Data></Cell>
			<Cell><Data ss:Type="String"></Data></Cell>
			<Cell><Data ss:Type="String">shoes</Data></Cell>
			<Cell><Data ss:Type="String">신발</Data></Cell>
			<Cell><Data ss:Type="String">...</Data></Cell>
			<Cell><Data ss:Type="String"></Data></Cell>
			<Cell><Data ss:Type="String">2022-07-29 18:26:31</Data></Cell>
		</Row>
		<Row>
			<Cell><Data ss:Type="Number">70</Data></Cell>
			<Cell><Data ss:Type="String">신발_13</Data></Cell>
			<Cell><Data ss:Type="String"></Data></Cell>
			<Cell><Data ss:Type="String"></Data></Cell>
			<Cell><Data ss:Type="String">shoes</Data></Cell>
			<Cell><Data ss:Type="String">신발</Data></Cell>
			<Cell><Data ss:Type="String">...</Data></Cell>
			<Cell><Data ss:Type="String"></Data></Cell>
			<Cell><Data ss:Type="String">2022-07-29 18:26:31</Data></Cell>
		</Row>
		<Row>
			<Cell><Data ss:Type="Number">71</Data></Cell>
			<Cell><Data ss:Type="String">신발_14</Data></Cell>
			<Cell><Data ss:Type="String"></Data></Cell>
			<Cell><Data ss:Type="String"></Data></Cell>
			<Cell><Data ss:Type="String">shoes</Data></Cell>
			<Cell><Data ss:Type="String">신발</Data></Cell>
			<Cell><Data ss:Type="String">...</Data></Cell>
			<Cell><Data ss:Type="String"></Data></Cell>
			<Cell><Data ss:Type="String">2022-07-29 18:26:31</Data></Cell>
		</Row>
		<Row>
			<Cell><Data ss:Type="Number">72</Data></Cell>
			<Cell><Data ss:Type="String">신발_15</Data></Cell>
			<Cell><Data ss:Type="String"></Data></Cell>
			<Cell><Data ss:Type="String"></Data></Cell>
			<Cell><Data ss:Type="String">shoes</Data></Cell>
			<Cell><Data ss:Type="String">신발</Data></Cell>
			<Cell><Data ss:Type="String">...</Data></Cell>
			<Cell><Data ss:Type="String"></Data></Cell>
			<Cell><Data ss:Type="String">2022-07-29 18:26:31</Data></Cell>
		</Row>
		<Row>
			<Cell><Data ss:Type="Number">73</Data></Cell>
			<Cell><Data ss:Type="String">신발_16</Data></Cell>
			<Cell><Data ss:Type="String"></Data></Cell>
			<Cell><Data ss:Type="String"></Data></Cell>
			<Cell><Data ss:Type="String">shoes</Data></Cell>
			<Cell><Data ss:Type="String">신발</Data></Cell>
			<Cell><Data ss:Type="String">...</Data></Cell>
			<Cell><Data ss:Type="String"></Data></Cell>
			<Cell><Data ss:Type="String">2022-07-29 18:26:31</Data></Cell>
		</Row>
		<Row>
			<Cell><Data ss:Type="Number">74</Data></Cell>
			<Cell><Data ss:Type="String">신발_17</Data></Cell>
			<Cell><Data ss:Type="String"></Data></Cell>
			<Cell><Data ss:Type="String"></Data></Cell>
			<Cell><Data ss:Type="String">shoes</Data></Cell>
			<Cell><Data ss:Type="String">신발</Data></Cell>
			<Cell><Data ss:Type="String">...</Data></Cell>
			<Cell><Data ss:Type="String"></Data></Cell>
			<Cell><Data ss:Type="String">2022-07-29 18:26:31</Data></Cell>
		</Row>
		<Row>
			<Cell><Data ss:Type="Number">75</Data></Cell>
			<Cell><Data ss:Type="String">신발_18</Data></Cell>
			<Cell><Data ss:Type="String"></Data></Cell>
			<Cell><Data ss:Type="String"></Data></Cell>
			<Cell><Data ss:Type="String">shoes</Data></Cell>
			<Cell><Data ss:Type="String">신발</Data></Cell>
			<Cell><Data ss:Type="String">...</Data></Cell>
			<Cell><Data ss:Type="String"></Data></Cell>
			<Cell><Data ss:Type="String">2022-07-29 18:26:31</Data></Cell>
		</Row>
		<Row>
			<Cell><Data ss:Type="Number">76</Data></Cell>
			<Cell><Data ss:Type="String">신발_19</Data></Cell>
			<Cell><Data ss:Type="String"></Data></Cell>
			<Cell><Data ss:Type="String"></Data></Cell>
			<Cell><Data ss:Type="String">shoes</Data></Cell>
			<Cell><Data ss:Type="String">신발</Data></Cell>
			<Cell><Data ss:Type="String">...</Data></Cell>
			<Cell><Data ss:Type="String"></Data></Cell>
			<Cell><Data ss:Type="String">2022-07-29 18:26:31</Data></Cell>
		</Row>
		<Row>
			<Cell><Data ss:Type="Number">8</Data></Cell>
			<Cell><Data ss:Type="String">신발_2</Data></Cell>
			<Cell><Data ss:Type="String"></Data></Cell>
			<Cell><Data ss:Type="String">brown</Data></Cell>
			<Cell><Data ss:Type="String">shoes</Data></Cell>
			<Cell><Data ss:Type="String"></Data></Cell>
			<Cell><Data ss:Type="String">...</Data></Cell>
			<Cell><Data ss:Type="String">22s/s</Data></Cell>
			<Cell><Data ss:Type="String">2022-07-28 12:13:09</Data></Cell>
		</Row>
		<Row>
			<Cell><Data ss:Type="Number">77</Data></Cell>
			<Cell><Data ss:Type="String">신발_20</Data></Cell>
			<Cell><Data ss:Type="String"></Data></Cell>
			<Cell><Data ss:Type="String"></Data></Cell>
			<Cell><Data ss:Type="String">shoes</Data></Cell>
			<Cell><Data ss:Type="String">신발</Data></Cell>
			<Cell><Data ss:Type="String">...</Data></Cell>
			<Cell><Data ss:Type="String"></Data></Cell>
			<Cell><Data ss:Type="String">2022-07-29 18:26:31</Data></Cell>
		</Row>
		<Row>
			<Cell><Data ss:Type="Number">78</Data></Cell>
			<Cell><Data ss:Type="String">신발_21</Data></Cell>
			<Cell><Data ss:Type="String"></Data></Cell>
			<Cell><Data ss:Type="String"></Data></Cell>
			<Cell><Data ss:Type="String">shoes</Data></Cell>
			<Cell><Data ss:Type="String">신발</Data></Cell>
			<Cell><Data ss:Type="String">...</Data></Cell>
			<Cell><Data ss:Type="String"></Data></Cell>
			<Cell><Data ss:Type="String">2022-07-29 18:26:31</Data></Cell>
		</Row>
		<Row>
			<Cell><Data ss:Type="Number">79</Data></Cell>
			<Cell><Data ss:Type="String">신발_22</Data></Cell>
			<Cell><Data ss:Type="String"></Data></Cell>
			<Cell><Data ss:Type="String"></Data></Cell>
			<Cell><Data ss:Type="String">shoes</Data></Cell>
			<Cell><Data ss:Type="String">신발</Data></Cell>
			<Cell><Data ss:Type="String">...</Data></Cell>
			<Cell><Data ss:Type="String"></Data></Cell>
			<Cell><Data ss:Type="String">2022-07-29 18:26:31</Data></Cell>
		</Row>
		<Row>
			<Cell><Data ss:Type="Number">80</Data></Cell>
			<Cell><Data ss:Type="String">신발_23</Data></Cell>
			<Cell><Data ss:Type="String"></Data></Cell>
			<Cell><Data ss:Type="String"></Data></Cell>
			<Cell><Data ss:Type="String">shoes</Data></Cell>
			<Cell><Data ss:Type="String">신발</Data></Cell>
			<Cell><Data ss:Type="String">...</Data></Cell>
			<Cell><Data ss:Type="String"></Data></Cell>
			<Cell><Data ss:Type="String">2022-07-29 18:26:31</Data></Cell>
		</Row>
		<Row>
			<Cell><Data ss:Type="Number">81</Data></Cell>
			<Cell><Data ss:Type="String">신발_24</Data></Cell>
			<Cell><Data ss:Type="String"></Data></Cell>
			<Cell><Data ss:Type="String"></Data></Cell>
			<Cell><Data ss:Type="String">shoes</Data></Cell>
			<Cell><Data ss:Type="String">신발</Data></Cell>
			<Cell><Data ss:Type="String">...</Data></Cell>
			<Cell><Data ss:Type="String"></Data></Cell>
			<Cell><Data ss:Type="String">2022-07-29 18:26:31</Data></Cell>
		</Row>
		<Row>
			<Cell><Data ss:Type="Number">82</Data></Cell>
			<Cell><Data ss:Type="String">신발_25</Data></Cell>
			<Cell><Data ss:Type="String"></Data></Cell>
			<Cell><Data ss:Type="String"></Data></Cell>
			<Cell><Data ss:Type="String">shoes</Data></Cell>
			<Cell><Data ss:Type="String">신발</Data></Cell>
			<Cell><Data ss:Type="String">...</Data></Cell>
			<Cell><Data ss:Type="String"></Data></Cell>
			<Cell><Data ss:Type="String">2022-07-29 18:26:31</Data></Cell>
		</Row>
		<Row>
			<Cell><Data ss:Type="Number">83</Data></Cell>
			<Cell><Data ss:Type="String">신발_26</Data></Cell>
			<Cell><Data ss:Type="String"></Data></Cell>
			<Cell><Data ss:Type="String"></Data></Cell>
			<Cell><Data ss:Type="String">shoes</Data></Cell>
			<Cell><Data ss:Type="String">신발</Data></Cell>
			<Cell><Data ss:Type="String">...</Data></Cell>
			<Cell><Data ss:Type="String"></Data></Cell>
			<Cell><Data ss:Type="String">2022-07-29 18:26:31</Data></Cell>
		</Row>
		<Row>
			<Cell><Data ss:Type="Number">84</Data></Cell>
			<Cell><Data ss:Type="String">신발_27</Data></Cell>
			<Cell><Data ss:Type="String"></Data></Cell>
			<Cell><Data ss:Type="String"></Data></Cell>
			<Cell><Data ss:Type="String">shoes</Data></Cell>
			<Cell><Data ss:Type="String">신발</Data></Cell>
			<Cell><Data ss:Type="String">...</Data></Cell>
			<Cell><Data ss:Type="String"></Data></Cell>
			<Cell><Data ss:Type="String">2022-07-29 18:26:31</Data></Cell>
		</Row>
		<Row>
			<Cell><Data ss:Type="Number">85</Data></Cell>
			<Cell><Data ss:Type="String">신발_28</Data></Cell>
			<Cell><Data ss:Type="String"></Data></Cell>
			<Cell><Data ss:Type="String"></Data></Cell>
			<Cell><Data ss:Type="String">shoes</Data></Cell>
			<Cell><Data ss:Type="String">신발</Data></Cell>
			<Cell><Data ss:Type="String">...</Data></Cell>
			<Cell><Data ss:Type="String"></Data></Cell>
			<Cell><Data ss:Type="String">2022-07-29 18:26:31</Data></Cell>
		</Row>
		<Row>
			<Cell><Data ss:Type="Number">86</Data></Cell>
			<Cell><Data ss:Type="String">신발_29</Data></Cell>
			<Cell><Data ss:Type="String"></Data></Cell>
			<Cell><Data ss:Type="String"></Data></Cell>
			<Cell><Data ss:Type="String">shoes</Data></Cell>
			<Cell><Data ss:Type="String">신발</Data></Cell>
			<Cell><Data ss:Type="String">...</Data></Cell>
			<Cell><Data ss:Type="String"></Data></Cell>
			<Cell><Data ss:Type="String">2022-07-29 18:26:31</Data></Cell>
		</Row>
		<Row>
			<Cell><Data ss:Type="Number">35</Data></Cell>
			<Cell><Data ss:Type="String">신발_3</Data></Cell>
			<Cell><Data ss:Type="String"></Data></Cell>
			<Cell><Data ss:Type="String">black</Data></Cell>
			<Cell><Data ss:Type="String">shoes</Data></Cell>
			<Cell><Data ss:Type="String">신발</Data></Cell>
			<Cell><Data ss:Type="String">...</Data></Cell>
			<Cell><Data ss:Type="String">22s/s</Data></Cell>
			<Cell><Data ss:Type="String">2022-07-29 18:17:44</Data></Cell>
		</Row>
		<Row>
			<Cell><Data ss:Type="Number">87</Data></Cell>
			<Cell><Data ss:Type="String">신발_30</Data></Cell>
			<Cell><Data ss:Type="String"></Data></Cell>
			<Cell><Data ss:Type="String"></Data></Cell>
			<Cell><Data ss:Type="String">shoes</Data></Cell>
			<Cell><Data ss:Type="String">신발</Data></Cell>
			<Cell><Data ss:Type="String">...</Data></Cell>
			<Cell><Data ss:Type="String"></Data></Cell>
			<Cell><Data ss:Type="String">2022-07-29 18:26:31</Data></Cell>
		</Row>
		<Row>
			<Cell><Data ss:Type="Number">36</Data></Cell>
			<Cell><Data ss:Type="String">신발_4</Data></Cell>
			<Cell><Data ss:Type="String"></Data></Cell>
			<Cell><Data ss:Type="String">black</Data></Cell>
			<Cell><Data ss:Type="String">shoes</Data></Cell>
			<Cell><Data ss:Type="String">신발</Data></Cell>
			<Cell><Data ss:Type="String">...</Data></Cell>
			<Cell><Data ss:Type="String">22s/s</Data></Cell>
			<Cell><Data ss:Type="String">2022-07-29 18:19:38</Data></Cell>
		</Row>
		<Row>
			<Cell><Data ss:Type="Number">37</Data></Cell>
			<Cell><Data ss:Type="String">신발_5</Data></Cell>
			<Cell><Data ss:Type="String"></Data></Cell>
			<Cell><Data ss:Type="String">oats</Data></Cell>
			<Cell><Data ss:Type="String">shoes</Data></Cell>
			<Cell><Data ss:Type="String">신발</Data></Cell>
			<Cell><Data ss:Type="String">...</Data></Cell>
			<Cell><Data ss:Type="String">22s/s</Data></Cell>
			<Cell><Data ss:Type="String">2022-07-29 18:20:18</Data></Cell>
		</Row>
		<Row>
			<Cell><Data ss:Type="Number">64</Data></Cell>
			<Cell><Data ss:Type="String">신발_7</Data></Cell>
			<Cell><Data ss:Type="String"></Data></Cell>
			<Cell><Data ss:Type="String">yellow</Data></Cell>
			<Cell><Data ss:Type="String">shoes</Data></Cell>
			<Cell><Data ss:Type="String">신발</Data></Cell>
			<Cell><Data ss:Type="String">...</Data></Cell>
			<Cell><Data ss:Type="String"></Data></Cell>
			<Cell><Data ss:Type="String">2022-07-29 18:26:31</Data></Cell>
		</Row>
		<Row>
			<Cell><Data ss:Type="Number">65</Data></Cell>
			<Cell><Data ss:Type="String">신발_8</Data></Cell>
			<Cell><Data ss:Type="String"></Data></Cell>
			<Cell><Data ss:Type="String"></Data></Cell>
			<Cell><Data ss:Type="String">shoes</Data></Cell>
			<Cell><Data ss:Type="String">신발</Data></Cell>
			<Cell><Data ss:Type="String">...</Data></Cell>
			<Cell><Data ss:Type="String"></Data></Cell>
			<Cell><Data ss:Type="String">2022-07-29 18:26:31</Data></Cell>
		</Row>
		<Row>
			<Cell><Data ss:Type="Number">66</Data></Cell>
			<Cell><Data ss:Type="String">신발_9</Data></Cell>
			<Cell><Data ss:Type="String"></Data></Cell>
			<Cell><Data ss:Type="String"></Data></Cell>
			<Cell><Data ss:Type="String">shoes</Data></Cell>
			<Cell><Data ss:Type="String">신발</Data></Cell>
			<Cell><Data ss:Type="String">...</Data></Cell>
			<Cell><Data ss:Type="String"></Data></Cell>
			<Cell><Data ss:Type="String">2022-07-29 18:26:31</Data></Cell>
		</Row>
		<Row>
			<Cell><Data ss:Type="Number">9</Data></Cell>
			<Cell><Data ss:Type="String">악세_1</Data></Cell>
			<Cell><Data ss:Type="String"></Data></Cell>
			<Cell><Data ss:Type="String">green</Data></Cell>
			<Cell><Data ss:Type="String">acc</Data></Cell>
			<Cell><Data ss:Type="String">목걸이</Data></Cell>
			<Cell><Data ss:Type="String">...</Data></Cell>
			<Cell><Data ss:Type="String">22s/s</Data></Cell>
			<Cell><Data ss:Type="String">2022-07-28 12:13:09</Data></Cell>
		</Row>
		<Row>
			<Cell><Data ss:Type="Number">122</Data></Cell>
			<Cell><Data ss:Type="String">악세_10</Data></Cell>
			<Cell><Data ss:Type="String"></Data></Cell>
			<Cell><Data ss:Type="String"></Data></Cell>
			<Cell><Data ss:Type="String">acc</Data></Cell>
			<Cell><Data ss:Type="String"></Data></Cell>
			<Cell><Data ss:Type="String">...</Data></Cell>
			<Cell><Data ss:Type="String"></Data></Cell>
			<Cell><Data ss:Type="String">2022-08-02 09:14:47</Data></Cell>
		</Row>
		<Row>
			<Cell><Data ss:Type="Number">120</Data></Cell>
			<Cell><Data ss:Type="String">악세_11</Data></Cell>
			<Cell><Data ss:Type="String"></Data></Cell>
			<Cell><Data ss:Type="String"></Data></Cell>
			<Cell><Data ss:Type="String">acc</Data></Cell>
			<Cell><Data ss:Type="String"></Data></Cell>
			<Cell><Data ss:Type="String">...</Data></Cell>
			<Cell><Data ss:Type="String"></Data></Cell>
			<Cell><Data ss:Type="String">2022-08-02 09:14:47</Data></Cell>
		</Row>
		<Row>
			<Cell><Data ss:Type="Number">121</Data></Cell>
			<Cell><Data ss:Type="String">악세_12</Data></Cell>
			<Cell><Data ss:Type="String"></Data></Cell>
			<Cell><Data ss:Type="String"></Data></Cell>
			<Cell><Data ss:Type="String">acc</Data></Cell>
			<Cell><Data ss:Type="String"></Data></Cell>
			<Cell><Data ss:Type="String">...</Data></Cell>
			<Cell><Data ss:Type="String"></Data></Cell>
			<Cell><Data ss:Type="String">2022-08-02 09:14:47</Data></Cell>
		</Row>
		<Row>
			<Cell><Data ss:Type="Number">10</Data></Cell>
			<Cell><Data ss:Type="String">악세_2</Data></Cell>
			<Cell><Data ss:Type="String"></Data></Cell>
			<Cell><Data ss:Type="String">silver</Data></Cell>
			<Cell><Data ss:Type="String">acc</Data></Cell>
			<Cell><Data ss:Type="String">목걸이</Data></Cell>
			<Cell><Data ss:Type="String">...</Data></Cell>
			<Cell><Data ss:Type="String">22s/s</Data></Cell>
			<Cell><Data ss:Type="String">2022-07-29 17:25:49</Data></Cell>
		</Row>
		<Row>
			<Cell><Data ss:Type="Number">112</Data></Cell>
			<Cell><Data ss:Type="String">악세_3</Data></Cell>
			<Cell><Data ss:Type="String"></Data></Cell>
			<Cell><Data ss:Type="String"></Data></Cell>
			<Cell><Data ss:Type="String">acc</Data></Cell>
			<Cell><Data ss:Type="String"></Data></Cell>
			<Cell><Data ss:Type="String">...</Data></Cell>
			<Cell><Data ss:Type="String"></Data></Cell>
			<Cell><Data ss:Type="String">2022-08-02 09:14:47</Data></Cell>
		</Row>
		<Row>
			<Cell><Data ss:Type="Number">113</Data></Cell>
			<Cell><Data ss:Type="String">악세_4</Data></Cell>
			<Cell><Data ss:Type="String"></Data></Cell>
			<Cell><Data ss:Type="String"></Data></Cell>
			<Cell><Data ss:Type="String">acc</Data></Cell>
			<Cell><Data ss:Type="String"></Data></Cell>
			<Cell><Data ss:Type="String">...</Data></Cell>
			<Cell><Data ss:Type="String"></Data></Cell>
			<Cell><Data ss:Type="String">2022-08-02 09:14:47</Data></Cell>
		</Row>
		<Row>
			<Cell><Data ss:Type="Number">114</Data></Cell>
			<Cell><Data ss:Type="String">악세_5</Data></Cell>
			<Cell><Data ss:Type="String"></Data></Cell>
			<Cell><Data ss:Type="String"></Data></Cell>
			<Cell><Data ss:Type="String">acc</Data></Cell>
			<Cell><Data ss:Type="String"></Data></Cell>
			<Cell><Data ss:Type="String">...</Data></Cell>
			<Cell><Data ss:Type="String"></Data></Cell>
			<Cell><Data ss:Type="String">2022-08-02 09:14:47</Data></Cell>
		</Row>
		<Row>
			<Cell><Data ss:Type="Number">115</Data></Cell>
			<Cell><Data ss:Type="String">악세_6</Data></Cell>
			<Cell><Data ss:Type="String"></Data></Cell>
			<Cell><Data ss:Type="String"></Data></Cell>
			<Cell><Data ss:Type="String">acc</Data></Cell>
			<Cell><Data ss:Type="String"></Data></Cell>
			<Cell><Data ss:Type="String">...</Data></Cell>
			<Cell><Data ss:Type="String"></Data></Cell>
			<Cell><Data ss:Type="String">2022-08-02 09:14:47</Data></Cell>
		</Row>
		<Row>
			<Cell><Data ss:Type="Number">116</Data></Cell>
			<Cell><Data ss:Type="String">악세_7</Data></Cell>
			<Cell><Data ss:Type="String"></Data></Cell>
			<Cell><Data ss:Type="String"></Data></Cell>
			<Cell><Data ss:Type="String">acc</Data></Cell>
			<Cell><Data ss:Type="String"></Data></Cell>
			<Cell><Data ss:Type="String">...</Data></Cell>
			<Cell><Data ss:Type="String"></Data></Cell>
			<Cell><Data ss:Type="String">2022-08-02 09:14:47</Data></Cell>
		</Row>
		<Row>
			<Cell><Data ss:Type="Number">117</Data></Cell>
			<Cell><Data ss:Type="String">악세_8</Data></Cell>
			<Cell><Data ss:Type="String"></Data></Cell>
			<Cell><Data ss:Type="String"></Data></Cell>
			<Cell><Data ss:Type="String">acc</Data></Cell>
			<Cell><Data ss:Type="String"></Data></Cell>
			<Cell><Data ss:Type="String">...</Data></Cell>
			<Cell><Data ss:Type="String"></Data></Cell>
			<Cell><Data ss:Type="String">2022-08-02 09:14:47</Data></Cell>
		</Row>
		<Row>
			<Cell><Data ss:Type="Number">118</Data></Cell>
			<Cell><Data ss:Type="String">악세_9</Data></Cell>
			<Cell><Data ss:Type="String"></Data></Cell>
			<Cell><Data ss:Type="String"></Data></Cell>
			<Cell><Data ss:Type="String">acc</Data></Cell>
			<Cell><Data ss:Type="String"></Data></Cell>
			<Cell><Data ss:Type="String">...</Data></Cell>
			<Cell><Data ss:Type="String"></Data></Cell>
			<Cell><Data ss:Type="String">2022-08-02 09:14:47</Data></Cell>
		</Row>
		<Row>
			<Cell><Data ss:Type="Number">3</Data></Cell>
			<Cell><Data ss:Type="String">하의_1</Data></Cell>
			<Cell><Data ss:Type="String"></Data></Cell>
			<Cell><Data ss:Type="String">black</Data></Cell>
			<Cell><Data ss:Type="String">bottom</Data></Cell>
			<Cell><Data ss:Type="String">스커트</Data></Cell>
			<Cell><Data ss:Type="String">...</Data></Cell>
			<Cell><Data ss:Type="String">22s/s</Data></Cell>
			<Cell><Data ss:Type="String">2022-07-29 17:06:14</Data></Cell>
		</Row>
		<Row>
			<Cell><Data ss:Type="Number">19</Data></Cell>
			<Cell><Data ss:Type="String">하의_10</Data></Cell>
			<Cell><Data ss:Type="String"></Data></Cell>
			<Cell><Data ss:Type="String">pink</Data></Cell>
			<Cell><Data ss:Type="String">bottom</Data></Cell>
			<Cell><Data ss:Type="String">반바지</Data></Cell>
			<Cell><Data ss:Type="String">...</Data></Cell>
			<Cell><Data ss:Type="String"></Data></Cell>
			<Cell><Data ss:Type="String">2022-07-29 18:14:45</Data></Cell>
		</Row>
		<Row>
			<Cell><Data ss:Type="Number">20</Data></Cell>
			<Cell><Data ss:Type="String">하의_11</Data></Cell>
			<Cell><Data ss:Type="String"></Data></Cell>
			<Cell><Data ss:Type="String">black</Data></Cell>
			<Cell><Data ss:Type="String">bottom</Data></Cell>
			<Cell><Data ss:Type="String">반바지</Data></Cell>
			<Cell><Data ss:Type="String">...</Data></Cell>
			<Cell><Data ss:Type="String"></Data></Cell>
			<Cell><Data ss:Type="String">2022-07-29 18:14:45</Data></Cell>
		</Row>
		<Row>
			<Cell><Data ss:Type="Number">21</Data></Cell>
			<Cell><Data ss:Type="String">하의_12</Data></Cell>
			<Cell><Data ss:Type="String"></Data></Cell>
			<Cell><Data ss:Type="String">black</Data></Cell>
			<Cell><Data ss:Type="String">bottom</Data></Cell>
			<Cell><Data ss:Type="String">반바지</Data></Cell>
			<Cell><Data ss:Type="String">...</Data></Cell>
			<Cell><Data ss:Type="String"></Data></Cell>
			<Cell><Data ss:Type="String">2022-07-29 18:14:45</Data></Cell>
		</Row>
		<Row>
			<Cell><Data ss:Type="Number">22</Data></Cell>
			<Cell><Data ss:Type="String">하의_13</Data></Cell>
			<Cell><Data ss:Type="String"></Data></Cell>
			<Cell><Data ss:Type="String">blue</Data></Cell>
			<Cell><Data ss:Type="String">bottom</Data></Cell>
			<Cell><Data ss:Type="String">반바지</Data></Cell>
			<Cell><Data ss:Type="String">...</Data></Cell>
			<Cell><Data ss:Type="String"></Data></Cell>
			<Cell><Data ss:Type="String">2022-07-29 18:14:45</Data></Cell>
		</Row>
		<Row>
			<Cell><Data ss:Type="Number">23</Data></Cell>
			<Cell><Data ss:Type="String">하의_14</Data></Cell>
			<Cell><Data ss:Type="String"></Data></Cell>
			<Cell><Data ss:Type="String">green</Data></Cell>
			<Cell><Data ss:Type="String">bottom</Data></Cell>
			<Cell><Data ss:Type="String">반바지</Data></Cell>
			<Cell><Data ss:Type="String">...</Data></Cell>
			<Cell><Data ss:Type="String"></Data></Cell>
			<Cell><Data ss:Type="String">2022-07-29 18:14:45</Data></Cell>
		</Row>
		<Row>
			<Cell><Data ss:Type="Number">24</Data></Cell>
			<Cell><Data ss:Type="String">하의_15</Data></Cell>
			<Cell><Data ss:Type="String"></Data></Cell>
			<Cell><Data ss:Type="String">pink</Data></Cell>
			<Cell><Data ss:Type="String">bottom</Data></Cell>
			<Cell><Data ss:Type="String">반바지</Data></Cell>
			<Cell><Data ss:Type="String">...</Data></Cell>
			<Cell><Data ss:Type="String"></Data></Cell>
			<Cell><Data ss:Type="String">2022-07-29 18:14:45</Data></Cell>
		</Row>
		<Row>
			<Cell><Data ss:Type="Number">25</Data></Cell>
			<Cell><Data ss:Type="String">하의_16</Data></Cell>
			<Cell><Data ss:Type="String"></Data></Cell>
			<Cell><Data ss:Type="String">green</Data></Cell>
			<Cell><Data ss:Type="String">bottom</Data></Cell>
			<Cell><Data ss:Type="String">반바지</Data></Cell>
			<Cell><Data ss:Type="String">...</Data></Cell>
			<Cell><Data ss:Type="String"></Data></Cell>
			<Cell><Data ss:Type="String">2022-07-29 18:14:45</Data></Cell>
		</Row>
		<Row>
			<Cell><Data ss:Type="Number">26</Data></Cell>
			<Cell><Data ss:Type="String">하의_17</Data></Cell>
			<Cell><Data ss:Type="String"></Data></Cell>
			<Cell><Data ss:Type="String">purple</Data></Cell>
			<Cell><Data ss:Type="String">bottom</Data></Cell>
			<Cell><Data ss:Type="String">반바지</Data></Cell>
			<Cell><Data ss:Type="String">...</Data></Cell>
			<Cell><Data ss:Type="String"></Data></Cell>
			<Cell><Data ss:Type="String">2022-07-29 18:14:45</Data></Cell>
		</Row>
		<Row>
			<Cell><Data ss:Type="Number">27</Data></Cell>
			<Cell><Data ss:Type="String">하의_18</Data></Cell>
			<Cell><Data ss:Type="String"></Data></Cell>
			<Cell><Data ss:Type="String">white</Data></Cell>
			<Cell><Data ss:Type="String">bottom</Data></Cell>
			<Cell><Data ss:Type="String">스커트</Data></Cell>
			<Cell><Data ss:Type="String">...</Data></Cell>
			<Cell><Data ss:Type="String"></Data></Cell>
			<Cell><Data ss:Type="String">2022-07-29 18:14:45</Data></Cell>
		</Row>
		<Row>
			<Cell><Data ss:Type="Number">28</Data></Cell>
			<Cell><Data ss:Type="String">하의_19</Data></Cell>
			<Cell><Data ss:Type="String"></Data></Cell>
			<Cell><Data ss:Type="String">brown</Data></Cell>
			<Cell><Data ss:Type="String">bottom</Data></Cell>
			<Cell><Data ss:Type="String">스커트</Data></Cell>
			<Cell><Data ss:Type="String">...</Data></Cell>
			<Cell><Data ss:Type="String"></Data></Cell>
			<Cell><Data ss:Type="String">2022-07-29 18:14:45</Data></Cell>
		</Row>
		<Row>
			<Cell><Data ss:Type="Number">4</Data></Cell>
			<Cell><Data ss:Type="String">하의_2</Data></Cell>
			<Cell><Data ss:Type="String"></Data></Cell>
			<Cell><Data ss:Type="String">black</Data></Cell>
			<Cell><Data ss:Type="String">bottom</Data></Cell>
			<Cell><Data ss:Type="String">스커트</Data></Cell>
			<Cell><Data ss:Type="String">...</Data></Cell>
			<Cell><Data ss:Type="String"></Data></Cell>
			<Cell><Data ss:Type="String">2022-07-29 17:37:40</Data></Cell>
		</Row>
		<Row>
			<Cell><Data ss:Type="Number">29</Data></Cell>
			<Cell><Data ss:Type="String">하의_20</Data></Cell>
			<Cell><Data ss:Type="String"></Data></Cell>
			<Cell><Data ss:Type="String">beige</Data></Cell>
			<Cell><Data ss:Type="String">bottom</Data></Cell>
			<Cell><Data ss:Type="String">스커트</Data></Cell>
			<Cell><Data ss:Type="String">...</Data></Cell>
			<Cell><Data ss:Type="String"></Data></Cell>
			<Cell><Data ss:Type="String">2022-07-29 18:14:45</Data></Cell>
		</Row>
		<Row>
			<Cell><Data ss:Type="Number">30</Data></Cell>
			<Cell><Data ss:Type="String">하의_21</Data></Cell>
			<Cell><Data ss:Type="String"></Data></Cell>
			<Cell><Data ss:Type="String">white</Data></Cell>
			<Cell><Data ss:Type="String">bottom</Data></Cell>
			<Cell><Data ss:Type="String">스커트</Data></Cell>
			<Cell><Data ss:Type="String">...</Data></Cell>
			<Cell><Data ss:Type="String"></Data></Cell>
			<Cell><Data ss:Type="String">2022-07-29 18:14:45</Data></Cell>
		</Row>
		<Row>
			<Cell><Data ss:Type="Number">31</Data></Cell>
			<Cell><Data ss:Type="String">하의_22</Data></Cell>
			<Cell><Data ss:Type="String"></Data></Cell>
			<Cell><Data ss:Type="String">white</Data></Cell>
			<Cell><Data ss:Type="String">bottom</Data></Cell>
			<Cell><Data ss:Type="String">스커트</Data></Cell>
			<Cell><Data ss:Type="String">...</Data></Cell>
			<Cell><Data ss:Type="String"></Data></Cell>
			<Cell><Data ss:Type="String">2022-07-29 18:14:45</Data></Cell>
		</Row>
		<Row>
			<Cell><Data ss:Type="Number">32</Data></Cell>
			<Cell><Data ss:Type="String">하의_23</Data></Cell>
			<Cell><Data ss:Type="String"></Data></Cell>
			<Cell><Data ss:Type="String">blue</Data></Cell>
			<Cell><Data ss:Type="String">bottom</Data></Cell>
			<Cell><Data ss:Type="String">스커트</Data></Cell>
			<Cell><Data ss:Type="String">...</Data></Cell>
			<Cell><Data ss:Type="String"></Data></Cell>
			<Cell><Data ss:Type="String">2022-07-29 18:14:45</Data></Cell>
		</Row>
		<Row>
			<Cell><Data ss:Type="Number">33</Data></Cell>
			<Cell><Data ss:Type="String">하의_24</Data></Cell>
			<Cell><Data ss:Type="String"></Data></Cell>
			<Cell><Data ss:Type="String">brown</Data></Cell>
			<Cell><Data ss:Type="String">bottom</Data></Cell>
			<Cell><Data ss:Type="String">스커트</Data></Cell>
			<Cell><Data ss:Type="String">...</Data></Cell>
			<Cell><Data ss:Type="String"></Data></Cell>
			<Cell><Data ss:Type="String">2022-07-29 18:14:45</Data></Cell>
		</Row>
		<Row>
			<Cell><Data ss:Type="Number">34</Data></Cell>
			<Cell><Data ss:Type="String">하의_25</Data></Cell>
			<Cell><Data ss:Type="String"></Data></Cell>
			<Cell><Data ss:Type="String">green</Data></Cell>
			<Cell><Data ss:Type="String">bottom</Data></Cell>
			<Cell><Data ss:Type="String">스커트</Data></Cell>
			<Cell><Data ss:Type="String">...</Data></Cell>
			<Cell><Data ss:Type="String"></Data></Cell>
			<Cell><Data ss:Type="String">2022-07-29 18:14:45</Data></Cell>
		</Row>
		<Row>
			<Cell><Data ss:Type="Number">12</Data></Cell>
			<Cell><Data ss:Type="String">하의_3</Data></Cell>
			<Cell><Data ss:Type="String"></Data></Cell>
			<Cell><Data ss:Type="String">green</Data></Cell>
			<Cell><Data ss:Type="String">bottom</Data></Cell>
			<Cell><Data ss:Type="String">반바지</Data></Cell>
			<Cell><Data ss:Type="String">...</Data></Cell>
			<Cell><Data ss:Type="String"></Data></Cell>
			<Cell><Data ss:Type="String">2022-07-29 18:14:58</Data></Cell>
		</Row>
		<Row>
			<Cell><Data ss:Type="Number">13</Data></Cell>
			<Cell><Data ss:Type="String">하의_4</Data></Cell>
			<Cell><Data ss:Type="String"></Data></Cell>
			<Cell><Data ss:Type="String">blue</Data></Cell>
			<Cell><Data ss:Type="String">bottom</Data></Cell>
			<Cell><Data ss:Type="String">반바지</Data></Cell>
			<Cell><Data ss:Type="String">...</Data></Cell>
			<Cell><Data ss:Type="String"></Data></Cell>
			<Cell><Data ss:Type="String">2022-07-29 18:14:45</Data></Cell>
		</Row>
		<Row>
			<Cell><Data ss:Type="Number">14</Data></Cell>
			<Cell><Data ss:Type="String">하의_5</Data></Cell>
			<Cell><Data ss:Type="String"></Data></Cell>
			<Cell><Data ss:Type="String">beige</Data></Cell>
			<Cell><Data ss:Type="String">bottom</Data></Cell>
			<Cell><Data ss:Type="String">반바지</Data></Cell>
			<Cell><Data ss:Type="String">...</Data></Cell>
			<Cell><Data ss:Type="String"></Data></Cell>
			<Cell><Data ss:Type="String">2022-07-29 18:14:45</Data></Cell>
		</Row>
		<Row>
			<Cell><Data ss:Type="Number">15</Data></Cell>
			<Cell><Data ss:Type="String">하의_6</Data></Cell>
			<Cell><Data ss:Type="String"></Data></Cell>
			<Cell><Data ss:Type="String">pink</Data></Cell>
			<Cell><Data ss:Type="String">bottom</Data></Cell>
			<Cell><Data ss:Type="String">반바지</Data></Cell>
			<Cell><Data ss:Type="String">...</Data></Cell>
			<Cell><Data ss:Type="String"></Data></Cell>
			<Cell><Data ss:Type="String">2022-07-29 18:14:45</Data></Cell>
		</Row>
		<Row>
			<Cell><Data ss:Type="Number">16</Data></Cell>
			<Cell><Data ss:Type="String">하의_7</Data></Cell>
			<Cell><Data ss:Type="String"></Data></Cell>
			<Cell><Data ss:Type="String">black</Data></Cell>
			<Cell><Data ss:Type="String">bottom</Data></Cell>
			<Cell><Data ss:Type="String">반바지</Data></Cell>
			<Cell><Data ss:Type="String">...</Data></Cell>
			<Cell><Data ss:Type="String"></Data></Cell>
			<Cell><Data ss:Type="String">2022-07-29 18:14:45</Data></Cell>
		</Row>
		<Row>
			<Cell><Data ss:Type="Number">17</Data></Cell>
			<Cell><Data ss:Type="String">하의_8</Data></Cell>
			<Cell><Data ss:Type="String"></Data></Cell>
			<Cell><Data ss:Type="String">beige</Data></Cell>
			<Cell><Data ss:Type="String">bottom</Data></Cell>
			<Cell><Data ss:Type="String">반바지</Data></Cell>
			<Cell><Data ss:Type="String">...</Data></Cell>
			<Cell><Data ss:Type="String"></Data></Cell>
			<Cell><Data ss:Type="String">2022-07-29 18:14:45</Data></Cell>
		</Row>
		<Row>
			<Cell><Data ss:Type="Number">18</Data></Cell>
			<Cell><Data ss:Type="String">하의_9</Data></Cell>
			<Cell><Data ss:Type="String"></Data></Cell>
			<Cell><Data ss:Type="String">pink</Data></Cell>
			<Cell><Data ss:Type="String">bottom</Data></Cell>
			<Cell><Data ss:Type="String">반바지</Data></Cell>
			<Cell><Data ss:Type="String">...</Data></Cell>
			<Cell><Data ss:Type="String"></Data></Cell>
			<Cell><Data ss:Type="String">2022-07-29 18:14:45</Data></Cell>
		</Row>	</Table>
</Worksheet>
</Workbook>
