<?xml version="1.0" encoding="UTF-8"?>
<?mso-application progid="Excel.Sheet"?>
<Workbook xmlns="urn:schemas-microsoft-com:office:spreadsheet"
xmlns:o="urn:schemas-microsoft-com:office:office"
xmlns:x="urn:schemas-microsoft-com:office:excel"
xmlns:ss="urn:schemas-microsoft-com:office:spreadsheet"
xmlns:html="http://www.w3.org/TR/REC-html40">
<Worksheet ss:Name="Table1">
	<Table>
		<Column ss:Index="2" ss:AutoFitWidth="0" ss:Width="110"/>
		<Column ss:Index="3" ss:AutoFitWidth="0" ss:Width="110"/>
		<Column ss:Index="4" ss:AutoFitWidth="0" ss:Width="110"/>
		<Column ss:Index="5" ss:AutoFitWidth="0" ss:Width="110"/>
		<Column ss:Index="6" ss:AutoFitWidth="0" ss:Width="110"/>
		<Column ss:Index="7" ss:AutoFitWidth="0" ss:Width="110"/>
		<Column ss:Index="8" ss:AutoFitWidth="0" ss:Width="110"/>
		<Column ss:Index="9" ss:AutoFitWidth="0" ss:Width="110"/>
		<Column ss:Index="10" ss:AutoFitWidth="0" ss:Width="110"/>
		<Column ss:Index="11" ss:AutoFitWidth="0" ss:Width="110"/>
		<Row>
			<Cell><Data ss:Type="String">id</Data></Cell>
			<Cell><Data ss:Type="String">product1</Data></Cell>
			<Cell><Data ss:Type="String">product2</Data></Cell>
			<Cell><Data ss:Type="String">product3</Data></Cell>
			<Cell><Data ss:Type="String">product4</Data></Cell>
			<Cell><Data ss:Type="String">product5</Data></Cell>
			<Cell><Data ss:Type="String">product6</Data></Cell>
			<Cell><Data ss:Type="String">product7</Data></Cell>
			<Cell><Data ss:Type="String">codiset_image</Data></Cell>
			<Cell><Data ss:Type="String">user_id</Data></Cell>
			<Cell><Data ss:Type="String">tag_theme</Data></Cell>
		</Row>

		<Row>
			<Cell><Data ss:Type="Number">58</Data></Cell>
			<Cell><Data ss:Type="String">상의_2</Data></Cell>
			<Cell><Data ss:Type="String">하의_12</Data></Cell>
			<Cell><Data ss:Type="String">신발_30</Data></Cell>
			<Cell><Data ss:Type="String"></Data></Cell>
			<Cell><Data ss:Type="String"></Data></Cell>
			<Cell><Data ss:Type="String"></Data></Cell>
			<Cell><Data ss:Type="String"></Data></Cell>
			<Cell><Data ss:Type="String">...</Data></Cell>
			<Cell><Data ss:Type="String">asdf1234</Data></Cell>
			<Cell><Data ss:Type="String">데이트룩</Data></Cell>
		</Row>
		<Row>
			<Cell><Data ss:Type="Number">59</Data></Cell>
			<Cell><Data ss:Type="String">상의_2</Data></Cell>
			<Cell><Data ss:Type="String">하의_12</Data></Cell>
			<Cell><Data ss:Type="String">신발_30</Data></Cell>
			<Cell><Data ss:Type="String"></Data></Cell>
			<Cell><Data ss:Type="String"></Data></Cell>
			<Cell><Data ss:Type="String"></Data></Cell>
			<Cell><Data ss:Type="String"></Data></Cell>
			<Cell><Data ss:Type="String">...</Data></Cell>
			<Cell><Data ss:Type="String">asdf1234</Data></Cell>
			<Cell><Data ss:Type="String">데이트룩</Data></Cell>
		</Row>
		<Row>
			<Cell><Data ss:Type="Number">60</Data></Cell>
			<Cell><Data ss:Type="String">상의_2</Data></Cell>
			<Cell><Data ss:Type="String">하의_12</Data></Cell>
			<Cell><Data ss:Type="String">신발_30</Data></Cell>
			<Cell><Data ss:Type="String"></Data></Cell>
			<Cell><Data ss:Type="String"></Data></Cell>
			<Cell><Data ss:Type="String"></Data></Cell>
			<Cell><Data ss:Type="String"></Data></Cell>
			<Cell><Data ss:Type="String">...</Data></Cell>
			<Cell><Data ss:Type="String">asdf1234</Data></Cell>
			<Cell><Data ss:Type="String">데이트룩</Data></Cell>
		</Row>
		<Row>
			<Cell><Data ss:Type="Number">79</Data></Cell>
			<Cell><Data ss:Type="String">상의_15</Data></Cell>
			<Cell><Data ss:Type="String">가방_9</Data></Cell>
			<Cell><Data ss:Type="String">신발_20</Data></Cell>
			<Cell><Data ss:Type="String">악세_5</Data></Cell>
			<Cell><Data ss:Type="String"></Data></Cell>
			<Cell><Data ss:Type="String"></Data></Cell>
			<Cell><Data ss:Type="String"></Data></Cell>
			<Cell><Data ss:Type="String">...</Data></Cell>
			<Cell><Data ss:Type="String">lossryeong</Data></Cell>
			<Cell><Data ss:Type="String">데이트룩</Data></Cell>
		</Row>
		<Row>
			<Cell><Data ss:Type="Number">80</Data></Cell>
			<Cell><Data ss:Type="String">상의_1</Data></Cell>
			<Cell><Data ss:Type="String">하의_2</Data></Cell>
			<Cell><Data ss:Type="String">가방_5</Data></Cell>
			<Cell><Data ss:Type="String">신발_27</Data></Cell>
			<Cell><Data ss:Type="String"></Data></Cell>
			<Cell><Data ss:Type="String"></Data></Cell>
			<Cell><Data ss:Type="String"></Data></Cell>
			<Cell><Data ss:Type="String">...</Data></Cell>
			<Cell><Data ss:Type="String">lossryeong</Data></Cell>
			<Cell><Data ss:Type="String">데일리룩</Data></Cell>
		</Row>
		<Row>
			<Cell><Data ss:Type="Number">81</Data></Cell>
			<Cell><Data ss:Type="String">상의_1</Data></Cell>
			<Cell><Data ss:Type="String">하의_5</Data></Cell>
			<Cell><Data ss:Type="String">가방_7</Data></Cell>
			<Cell><Data ss:Type="String">신발_30</Data></Cell>
			<Cell><Data ss:Type="String">악세_7</Data></Cell>
			<Cell><Data ss:Type="String"></Data></Cell>
			<Cell><Data ss:Type="String"></Data></Cell>
			<Cell><Data ss:Type="String">...</Data></Cell>
			<Cell><Data ss:Type="String">lossryeong</Data></Cell>
			<Cell><Data ss:Type="String">데일리룩</Data></Cell>
		</Row>
		<Row>
			<Cell><Data ss:Type="Number">82</Data></Cell>
			<Cell><Data ss:Type="String">상의_10</Data></Cell>
			<Cell><Data ss:Type="String">하의_13</Data></Cell>
			<Cell><Data ss:Type="String">가방_11</Data></Cell>
			<Cell><Data ss:Type="String">신발_20</Data></Cell>
			<Cell><Data ss:Type="String">악세_11</Data></Cell>
			<Cell><Data ss:Type="String"></Data></Cell>
			<Cell><Data ss:Type="String"></Data></Cell>
			<Cell><Data ss:Type="String">...</Data></Cell>
			<Cell><Data ss:Type="String">lossryeong</Data></Cell>
			<Cell><Data ss:Type="String">데일리룩</Data></Cell>
		</Row>
		<Row>
			<Cell><Data ss:Type="Number">83</Data></Cell>
			<Cell><Data ss:Type="String">상의_7</Data></Cell>
			<Cell><Data ss:Type="String">하의_1</Data></Cell>
			<Cell><Data ss:Type="String">가방_8</Data></Cell>
			<Cell><Data ss:Type="String">신발_20</Data></Cell>
			<Cell><Data ss:Type="String">악세_10</Data></Cell>
			<Cell><Data ss:Type="String"></Data></Cell>
			<Cell><Data ss:Type="String"></Data></Cell>
			<Cell><Data ss:Type="String">...</Data></Cell>
			<Cell><Data ss:Type="String">hundredwinstone</Data></Cell>
			<Cell><Data ss:Type="String">데일리룩</Data></Cell>
		</Row>
		<Row>
			<Cell><Data ss:Type="Number">84</Data></Cell>
			<Cell><Data ss:Type="String">상의_1</Data></Cell>
			<Cell><Data ss:Type="String">하의_20</Data></Cell>
			<Cell><Data ss:Type="String">가방_9</Data></Cell>
			<Cell><Data ss:Type="String">신발_26</Data></Cell>
			<Cell><Data ss:Type="String"></Data></Cell>
			<Cell><Data ss:Type="String"></Data></Cell>
			<Cell><Data ss:Type="String"></Data></Cell>
			<Cell><Data ss:Type="String">...</Data></Cell>
			<Cell><Data ss:Type="String">inha123</Data></Cell>
			<Cell><Data ss:Type="String">출퇴근룩</Data></Cell>
		</Row>
		<Row>
			<Cell><Data ss:Type="Number">85</Data></Cell>
			<Cell><Data ss:Type="String">상의_7</Data></Cell>
			<Cell><Data ss:Type="String">하의_13</Data></Cell>
			<Cell><Data ss:Type="String">신발_22</Data></Cell>
			<Cell><Data ss:Type="String"></Data></Cell>
			<Cell><Data ss:Type="String"></Data></Cell>
			<Cell><Data ss:Type="String"></Data></Cell>
			<Cell><Data ss:Type="String"></Data></Cell>
			<Cell><Data ss:Type="String">...</Data></Cell>
			<Cell><Data ss:Type="String">longestho</Data></Cell>
			<Cell><Data ss:Type="String">데이트룩</Data></Cell>
		</Row>
		<Row>
			<Cell><Data ss:Type="Number">86</Data></Cell>
			<Cell><Data ss:Type="String">상의_1</Data></Cell>
			<Cell><Data ss:Type="String">하의_5</Data></Cell>
			<Cell><Data ss:Type="String">가방_9</Data></Cell>
			<Cell><Data ss:Type="String">신발_22</Data></Cell>
			<Cell><Data ss:Type="String">악세_6</Data></Cell>
			<Cell><Data ss:Type="String"></Data></Cell>
			<Cell><Data ss:Type="String"></Data></Cell>
			<Cell><Data ss:Type="String">...</Data></Cell>
			<Cell><Data ss:Type="String">dancingmachine</Data></Cell>
			<Cell><Data ss:Type="String">심플캐주얼</Data></Cell>
		</Row>
		<Row>
			<Cell><Data ss:Type="Number">87</Data></Cell>
			<Cell><Data ss:Type="String">상의_6</Data></Cell>
			<Cell><Data ss:Type="String">하의_5</Data></Cell>
			<Cell><Data ss:Type="String">가방_2</Data></Cell>
			<Cell><Data ss:Type="String">신발_9</Data></Cell>
			<Cell><Data ss:Type="String">악세_10</Data></Cell>
			<Cell><Data ss:Type="String"></Data></Cell>
			<Cell><Data ss:Type="String"></Data></Cell>
			<Cell><Data ss:Type="String">...</Data></Cell>
			<Cell><Data ss:Type="String">binaryho</Data></Cell>
			<Cell><Data ss:Type="String">데이트룩</Data></Cell>
		</Row>
		<Row>
			<Cell><Data ss:Type="Number">88</Data></Cell>
			<Cell><Data ss:Type="String">상의_4</Data></Cell>
			<Cell><Data ss:Type="String">하의_7</Data></Cell>
			<Cell><Data ss:Type="String">가방_7</Data></Cell>
			<Cell><Data ss:Type="String">신발_30</Data></Cell>
			<Cell><Data ss:Type="String">악세_9</Data></Cell>
			<Cell><Data ss:Type="String"></Data></Cell>
			<Cell><Data ss:Type="String"></Data></Cell>
			<Cell><Data ss:Type="String">...</Data></Cell>
			<Cell><Data ss:Type="String">lossryeong</Data></Cell>
			<Cell><Data ss:Type="String">데일리룩</Data></Cell>
		</Row>
		<Row>
			<Cell><Data ss:Type="Number">89</Data></Cell>
			<Cell><Data ss:Type="String">상의_1</Data></Cell>
			<Cell><Data ss:Type="String">하의_20</Data></Cell>
			<Cell><Data ss:Type="String">신발_10</Data></Cell>
			<Cell><Data ss:Type="String">악세_10</Data></Cell>
			<Cell><Data ss:Type="String"></Data></Cell>
			<Cell><Data ss:Type="String"></Data></Cell>
			<Cell><Data ss:Type="String"></Data></Cell>
			<Cell><Data ss:Type="String">...</Data></Cell>
			<Cell><Data ss:Type="String">test1</Data></Cell>
			<Cell><Data ss:Type="String">데이트룩</Data></Cell>
		</Row>
		<Row>
			<Cell><Data ss:Type="Number">90</Data></Cell>
			<Cell><Data ss:Type="String">상의_9</Data></Cell>
			<Cell><Data ss:Type="String">하의_1</Data></Cell>
			<Cell><Data ss:Type="String">가방_6</Data></Cell>
			<Cell><Data ss:Type="String">신발_10</Data></Cell>
			<Cell><Data ss:Type="String">악세_11</Data></Cell>
			<Cell><Data ss:Type="String"></Data></Cell>
			<Cell><Data ss:Type="String"></Data></Cell>
			<Cell><Data ss:Type="String">...</Data></Cell>
			<Cell><Data ss:Type="String">lossryeong</Data></Cell>
			<Cell><Data ss:Type="String">데이트룩</Data></Cell>
		</Row>
		<Row>
			<Cell><Data ss:Type="Number">91</Data></Cell>
			<Cell><Data ss:Type="String">상의_5</Data></Cell>
			<Cell><Data ss:Type="String">하의_24</Data></Cell>
			<Cell><Data ss:Type="String">가방_4</Data></Cell>
			<Cell><Data ss:Type="String">신발_1</Data></Cell>
			<Cell><Data ss:Type="String">악세_5</Data></Cell>
			<Cell><Data ss:Type="String"></Data></Cell>
			<Cell><Data ss:Type="String"></Data></Cell>
			<Cell><Data ss:Type="String">...</Data></Cell>
			<Cell><Data ss:Type="String">binaryho</Data></Cell>
			<Cell><Data ss:Type="String">데이트룩</Data></Cell>
		</Row>
		<Row>
			<Cell><Data ss:Type="Number">92</Data></Cell>
			<Cell><Data ss:Type="String">상의_15</Data></Cell>
			<Cell><Data ss:Type="String">가방_12</Data></Cell>
			<Cell><Data ss:Type="String">신발_11</Data></Cell>
			<Cell><Data ss:Type="String">악세_7</Data></Cell>
			<Cell><Data ss:Type="String"></Data></Cell>
			<Cell><Data ss:Type="String"></Data></Cell>
			<Cell><Data ss:Type="String"></Data></Cell>
			<Cell><Data ss:Type="String">...</Data></Cell>
			<Cell><Data ss:Type="String">dancingmachine</Data></Cell>
			<Cell><Data ss:Type="String">데이트룩</Data></Cell>
		</Row>
		<Row>
			<Cell><Data ss:Type="Number">93</Data></Cell>
			<Cell><Data ss:Type="String">상의_5</Data></Cell>
			<Cell><Data ss:Type="String">하의_24</Data></Cell>
			<Cell><Data ss:Type="String">신발_27</Data></Cell>
			<Cell><Data ss:Type="String">악세_4</Data></Cell>
			<Cell><Data ss:Type="String"></Data></Cell>
			<Cell><Data ss:Type="String"></Data></Cell>
			<Cell><Data ss:Type="String"></Data></Cell>
			<Cell><Data ss:Type="String">...</Data></Cell>
			<Cell><Data ss:Type="String">dancingmachine</Data></Cell>
			<Cell><Data ss:Type="String">트렌디룩</Data></Cell>
		</Row>
		<Row>
			<Cell><Data ss:Type="Number">94</Data></Cell>
			<Cell><Data ss:Type="String">상의_2</Data></Cell>
			<Cell><Data ss:Type="String">하의_10</Data></Cell>
			<Cell><Data ss:Type="String">신발_24</Data></Cell>
			<Cell><Data ss:Type="String">악세_11</Data></Cell>
			<Cell><Data ss:Type="String"></Data></Cell>
			<Cell><Data ss:Type="String"></Data></Cell>
			<Cell><Data ss:Type="String"></Data></Cell>
			<Cell><Data ss:Type="String">...</Data></Cell>
			<Cell><Data ss:Type="String">dancingmachine</Data></Cell>
			<Cell><Data ss:Type="String">원마일웨어</Data></Cell>
		</Row>
		<Row>
			<Cell><Data ss:Type="Number">95</Data></Cell>
			<Cell><Data ss:Type="String">상의_2</Data></Cell>
			<Cell><Data ss:Type="String">하의_5</Data></Cell>
			<Cell><Data ss:Type="String">가방_7</Data></Cell>
			<Cell><Data ss:Type="String">신발_18</Data></Cell>
			<Cell><Data ss:Type="String">악세_9</Data></Cell>
			<Cell><Data ss:Type="String"></Data></Cell>
			<Cell><Data ss:Type="String"></Data></Cell>
			<Cell><Data ss:Type="String">...</Data></Cell>
			<Cell><Data ss:Type="String">lossryeong</Data></Cell>
			<Cell><Data ss:Type="String">하객룩</Data></Cell>
		</Row>
		<Row>
			<Cell><Data ss:Type="Number">96</Data></Cell>
			<Cell><Data ss:Type="String">상의_9</Data></Cell>
			<Cell><Data ss:Type="String">하의_22</Data></Cell>
			<Cell><Data ss:Type="String">가방_9</Data></Cell>
			<Cell><Data ss:Type="String">신발_10</Data></Cell>
			<Cell><Data ss:Type="String">악세_5</Data></Cell>
			<Cell><Data ss:Type="String"></Data></Cell>
			<Cell><Data ss:Type="String"></Data></Cell>
			<Cell><Data ss:Type="String">...</Data></Cell>
			<Cell><Data ss:Type="String">lossryeong</Data></Cell>
			<Cell><Data ss:Type="String">심플캐주얼</Data></Cell>
		</Row>
		<Row>
			<Cell><Data ss:Type="Number">97</Data></Cell>
			<Cell><Data ss:Type="String">상의_14</Data></Cell>
			<Cell><Data ss:Type="String">가방_12</Data></Cell>
			<Cell><Data ss:Type="String">신발_19</Data></Cell>
			<Cell><Data ss:Type="String">악세_12</Data></Cell>
			<Cell><Data ss:Type="String"></Data></Cell>
			<Cell><Data ss:Type="String"></Data></Cell>
			<Cell><Data ss:Type="String"></Data></Cell>
			<Cell><Data ss:Type="String">...</Data></Cell>
			<Cell><Data ss:Type="String">lossryeong</Data></Cell>
			<Cell><Data ss:Type="String">페스티벌룩</Data></Cell>
		</Row>
		<Row>
			<Cell><Data ss:Type="Number">98</Data></Cell>
			<Cell><Data ss:Type="String">상의_4</Data></Cell>
			<Cell><Data ss:Type="String">하의_19</Data></Cell>
			<Cell><Data ss:Type="String">가방_6</Data></Cell>
			<Cell><Data ss:Type="String">신발_12</Data></Cell>
			<Cell><Data ss:Type="String">악세_4</Data></Cell>
			<Cell><Data ss:Type="String"></Data></Cell>
			<Cell><Data ss:Type="String"></Data></Cell>
			<Cell><Data ss:Type="String">...</Data></Cell>
			<Cell><Data ss:Type="String">lossryeong</Data></Cell>
			<Cell><Data ss:Type="String">20대패션</Data></Cell>
		</Row>
		<Row>
			<Cell><Data ss:Type="Number">99</Data></Cell>
			<Cell><Data ss:Type="String">상의_10</Data></Cell>
			<Cell><Data ss:Type="String">하의_23</Data></Cell>
			<Cell><Data ss:Type="String">가방_9</Data></Cell>
			<Cell><Data ss:Type="String">신발_23</Data></Cell>
			<Cell><Data ss:Type="String">악세_1</Data></Cell>
			<Cell><Data ss:Type="String"></Data></Cell>
			<Cell><Data ss:Type="String"></Data></Cell>
			<Cell><Data ss:Type="String">...</Data></Cell>
			<Cell><Data ss:Type="String">dancingmachine</Data></Cell>
			<Cell><Data ss:Type="String">심플캐주얼</Data></Cell>
		</Row>
		<Row>
			<Cell><Data ss:Type="Number">101</Data></Cell>
			<Cell><Data ss:Type="String">상의_7</Data></Cell>
			<Cell><Data ss:Type="String">하의_9</Data></Cell>
			<Cell><Data ss:Type="String">가방_12</Data></Cell>
			<Cell><Data ss:Type="String">신발_26</Data></Cell>
			<Cell><Data ss:Type="String">악세_11</Data></Cell>
			<Cell><Data ss:Type="String"></Data></Cell>
			<Cell><Data ss:Type="String"></Data></Cell>
			<Cell><Data ss:Type="String">...</Data></Cell>
			<Cell><Data ss:Type="String">zerowinstone</Data></Cell>
			<Cell><Data ss:Type="String">데일리룩</Data></Cell>
		</Row>
		<Row>
			<Cell><Data ss:Type="Number">102</Data></Cell>
			<Cell><Data ss:Type="String">상의_14</Data></Cell>
			<Cell><Data ss:Type="String">신발_18</Data></Cell>
			<Cell><Data ss:Type="String">악세_9</Data></Cell>
			<Cell><Data ss:Type="String"></Data></Cell>
			<Cell><Data ss:Type="String"></Data></Cell>
			<Cell><Data ss:Type="String"></Data></Cell>
			<Cell><Data ss:Type="String"></Data></Cell>
			<Cell><Data ss:Type="String">...</Data></Cell>
			<Cell><Data ss:Type="String">dancingmachine</Data></Cell>
			<Cell><Data ss:Type="String">데이트룩</Data></Cell>
		</Row>
		<Row>
			<Cell><Data ss:Type="Number">103</Data></Cell>
			<Cell><Data ss:Type="String">상의_3</Data></Cell>
			<Cell><Data ss:Type="String">하의_3</Data></Cell>
			<Cell><Data ss:Type="String">가방_5</Data></Cell>
			<Cell><Data ss:Type="String">신발_26</Data></Cell>
			<Cell><Data ss:Type="String">악세_10</Data></Cell>
			<Cell><Data ss:Type="String"></Data></Cell>
			<Cell><Data ss:Type="String"></Data></Cell>
			<Cell><Data ss:Type="String">...</Data></Cell>
			<Cell><Data ss:Type="String">dancingmachine</Data></Cell>
			<Cell><Data ss:Type="String">스트릿패션</Data></Cell>
		</Row>
		<Row>
			<Cell><Data ss:Type="Number">104</Data></Cell>
			<Cell><Data ss:Type="String">상의_9</Data></Cell>
			<Cell><Data ss:Type="String">하의_21</Data></Cell>
			<Cell><Data ss:Type="String">가방_6</Data></Cell>
			<Cell><Data ss:Type="String">신발_15</Data></Cell>
			<Cell><Data ss:Type="String">악세_3</Data></Cell>
			<Cell><Data ss:Type="String"></Data></Cell>
			<Cell><Data ss:Type="String"></Data></Cell>
			<Cell><Data ss:Type="String">...</Data></Cell>
			<Cell><Data ss:Type="String">dancingmachine</Data></Cell>
			<Cell><Data ss:Type="String">출퇴근룩</Data></Cell>
		</Row>
		<Row>
			<Cell><Data ss:Type="Number">106</Data></Cell>
			<Cell><Data ss:Type="String">상의_7</Data></Cell>
			<Cell><Data ss:Type="String">하의_13</Data></Cell>
			<Cell><Data ss:Type="String">신발_25</Data></Cell>
			<Cell><Data ss:Type="String">악세_10</Data></Cell>
			<Cell><Data ss:Type="String"></Data></Cell>
			<Cell><Data ss:Type="String"></Data></Cell>
			<Cell><Data ss:Type="String"></Data></Cell>
			<Cell><Data ss:Type="String">...</Data></Cell>
			<Cell><Data ss:Type="String">dancingmachine</Data></Cell>
			<Cell><Data ss:Type="String">심플캐주얼</Data></Cell>
		</Row>
		<Row>
			<Cell><Data ss:Type="Number">107</Data></Cell>
			<Cell><Data ss:Type="String">상의_2</Data></Cell>
			<Cell><Data ss:Type="String">하의_19</Data></Cell>
			<Cell><Data ss:Type="String">신발_1</Data></Cell>
			<Cell><Data ss:Type="String">악세_9</Data></Cell>
			<Cell><Data ss:Type="String"></Data></Cell>
			<Cell><Data ss:Type="String"></Data></Cell>
			<Cell><Data ss:Type="String"></Data></Cell>
			<Cell><Data ss:Type="String">...</Data></Cell>
			<Cell><Data ss:Type="String">dancingmachine</Data></Cell>
			<Cell><Data ss:Type="String">데이트룩</Data></Cell>
		</Row>
		<Row>
			<Cell><Data ss:Type="Number">108</Data></Cell>
			<Cell><Data ss:Type="String">상의_9</Data></Cell>
			<Cell><Data ss:Type="String">하의_13</Data></Cell>
			<Cell><Data ss:Type="String">가방_5</Data></Cell>
			<Cell><Data ss:Type="String">신발_10</Data></Cell>
			<Cell><Data ss:Type="String">악세_7</Data></Cell>
			<Cell><Data ss:Type="String"></Data></Cell>
			<Cell><Data ss:Type="String"></Data></Cell>
			<Cell><Data ss:Type="String">...</Data></Cell>
			<Cell><Data ss:Type="String">test1</Data></Cell>
			<Cell><Data ss:Type="String">데일리룩</Data></Cell>
		</Row>
		<Row>
			<Cell><Data ss:Type="Number">109</Data></Cell>
			<Cell><Data ss:Type="String">상의_1</Data></Cell>
			<Cell><Data ss:Type="String">하의_21</Data></Cell>
			<Cell><Data ss:Type="String">신발_11</Data></Cell>
			<Cell><Data ss:Type="String">악세_1</Data></Cell>
			<Cell><Data ss:Type="String">악세_10</Data></Cell>
			<Cell><Data ss:Type="String">악세_12</Data></Cell>
			<Cell><Data ss:Type="String"></Data></Cell>
			<Cell><Data ss:Type="String">...</Data></Cell>
			<Cell><Data ss:Type="String">asdf123</Data></Cell>
			<Cell><Data ss:Type="String">출퇴근룩</Data></Cell>
		</Row>
		<Row>
			<Cell><Data ss:Type="Number">110</Data></Cell>
			<Cell><Data ss:Type="String">신발_9</Data></Cell>
			<Cell><Data ss:Type="String"></Data></Cell>
			<Cell><Data ss:Type="String"></Data></Cell>
			<Cell><Data ss:Type="String"></Data></Cell>
			<Cell><Data ss:Type="String"></Data></Cell>
			<Cell><Data ss:Type="String"></Data></Cell>
			<Cell><Data ss:Type="String"></Data></Cell>
			<Cell><Data ss:Type="String">...</Data></Cell>
			<Cell><Data ss:Type="String">asdf123</Data></Cell>
			<Cell><Data ss:Type="String">스트릿패션</Data></Cell>
		</Row>
		<Row>
			<Cell><Data ss:Type="Number">111</Data></Cell>
			<Cell><Data ss:Type="String">상의_1</Data></Cell>
			<Cell><Data ss:Type="String">하의_2</Data></Cell>
			<Cell><Data ss:Type="String">가방_6</Data></Cell>
			<Cell><Data ss:Type="String">신발_26</Data></Cell>
			<Cell><Data ss:Type="String"></Data></Cell>
			<Cell><Data ss:Type="String"></Data></Cell>
			<Cell><Data ss:Type="String"></Data></Cell>
			<Cell><Data ss:Type="String">...</Data></Cell>
			<Cell><Data ss:Type="String">test1</Data></Cell>
			<Cell><Data ss:Type="String">데일리룩</Data></Cell>
		</Row>
		<Row>
			<Cell><Data ss:Type="Number">112</Data></Cell>
			<Cell><Data ss:Type="String">상의_10</Data></Cell>
			<Cell><Data ss:Type="String">하의_13</Data></Cell>
			<Cell><Data ss:Type="String">가방_12</Data></Cell>
			<Cell><Data ss:Type="String">신발_2</Data></Cell>
			<Cell><Data ss:Type="String">악세_12</Data></Cell>
			<Cell><Data ss:Type="String"></Data></Cell>
			<Cell><Data ss:Type="String"></Data></Cell>
			<Cell><Data ss:Type="String">...</Data></Cell>
			<Cell><Data ss:Type="String">asdf123</Data></Cell>
			<Cell><Data ss:Type="String">보헤미안룩</Data></Cell>
		</Row>
		<Row>
			<Cell><Data ss:Type="Number">113</Data></Cell>
			<Cell><Data ss:Type="String">상의_2</Data></Cell>
			<Cell><Data ss:Type="String">하의_8</Data></Cell>
			<Cell><Data ss:Type="String">신발_12</Data></Cell>
			<Cell><Data ss:Type="String">악세_3</Data></Cell>
			<Cell><Data ss:Type="String"></Data></Cell>
			<Cell><Data ss:Type="String"></Data></Cell>
			<Cell><Data ss:Type="String"></Data></Cell>
			<Cell><Data ss:Type="String">...</Data></Cell>
			<Cell><Data ss:Type="String">magic22x</Data></Cell>
			<Cell><Data ss:Type="String">데이트룩</Data></Cell>
		</Row>
		<Row>
			<Cell><Data ss:Type="Number">114</Data></Cell>
			<Cell><Data ss:Type="String">상의_10</Data></Cell>
			<Cell><Data ss:Type="String">하의_2</Data></Cell>
			<Cell><Data ss:Type="String">가방_11</Data></Cell>
			<Cell><Data ss:Type="String">신발_25</Data></Cell>
			<Cell><Data ss:Type="String">악세_7</Data></Cell>
			<Cell><Data ss:Type="String"></Data></Cell>
			<Cell><Data ss:Type="String"></Data></Cell>
			<Cell><Data ss:Type="String">...</Data></Cell>
			<Cell><Data ss:Type="String">yoyobiii2</Data></Cell>
			<Cell><Data ss:Type="String">데이트룩</Data></Cell>
		</Row>
		<Row>
			<Cell><Data ss:Type="Number">115</Data></Cell>
			<Cell><Data ss:Type="String">상의_6</Data></Cell>
			<Cell><Data ss:Type="String">하의_9</Data></Cell>
			<Cell><Data ss:Type="String">신발_27</Data></Cell>
			<Cell><Data ss:Type="String"></Data></Cell>
			<Cell><Data ss:Type="String"></Data></Cell>
			<Cell><Data ss:Type="String"></Data></Cell>
			<Cell><Data ss:Type="String"></Data></Cell>
			<Cell><Data ss:Type="String">...</Data></Cell>
			<Cell><Data ss:Type="String">yoyobiii2</Data></Cell>
			<Cell><Data ss:Type="String">심플캐주얼</Data></Cell>
		</Row>
		<Row>
			<Cell><Data ss:Type="Number">116</Data></Cell>
			<Cell><Data ss:Type="String">가방_4</Data></Cell>
			<Cell><Data ss:Type="String">악세_11</Data></Cell>
			<Cell><Data ss:Type="String">악세_1</Data></Cell>
			<Cell><Data ss:Type="String"></Data></Cell>
			<Cell><Data ss:Type="String"></Data></Cell>
			<Cell><Data ss:Type="String"></Data></Cell>
			<Cell><Data ss:Type="String"></Data></Cell>
			<Cell><Data ss:Type="String">...</Data></Cell>
			<Cell><Data ss:Type="String">asdf123</Data></Cell>
			<Cell><Data ss:Type="String">스트릿패션</Data></Cell>
		</Row>
		<Row>
			<Cell><Data ss:Type="Number">117</Data></Cell>
			<Cell><Data ss:Type="String">상의_4</Data></Cell>
			<Cell><Data ss:Type="String">하의_4</Data></Cell>
			<Cell><Data ss:Type="String">가방_7</Data></Cell>
			<Cell><Data ss:Type="String">신발_30</Data></Cell>
			<Cell><Data ss:Type="String">악세_5</Data></Cell>
			<Cell><Data ss:Type="String"></Data></Cell>
			<Cell><Data ss:Type="String"></Data></Cell>
			<Cell><Data ss:Type="String">...</Data></Cell>
			<Cell><Data ss:Type="String">q1w2e3r4</Data></Cell>
			<Cell><Data ss:Type="String">데일리룩</Data></Cell>
		</Row>
		<Row>
			<Cell><Data ss:Type="Number">118</Data></Cell>
			<Cell><Data ss:Type="String">test1</Data></Cell>
			<Cell><Data ss:Type="String">하의_11</Data></Cell>
			<Cell><Data ss:Type="String">가방_5</Data></Cell>
			<Cell><Data ss:Type="String">신발_1</Data></Cell>
			<Cell><Data ss:Type="String">악세_3</Data></Cell>
			<Cell><Data ss:Type="String">악세_5</Data></Cell>
			<Cell><Data ss:Type="String">악세_10</Data></Cell>
			<Cell><Data ss:Type="String">...</Data></Cell>
			<Cell><Data ss:Type="String">magic22x</Data></Cell>
			<Cell><Data ss:Type="String">출퇴근룩</Data></Cell>
		</Row>
		<Row>
			<Cell><Data ss:Type="Number">119</Data></Cell>
			<Cell><Data ss:Type="String">상의_5</Data></Cell>
			<Cell><Data ss:Type="String">하의_13</Data></Cell>
			<Cell><Data ss:Type="String">가방_12</Data></Cell>
			<Cell><Data ss:Type="String">신발_4</Data></Cell>
			<Cell><Data ss:Type="String">악세_4</Data></Cell>
			<Cell><Data ss:Type="String"></Data></Cell>
			<Cell><Data ss:Type="String"></Data></Cell>
			<Cell><Data ss:Type="String">...</Data></Cell>
			<Cell><Data ss:Type="String">longestho</Data></Cell>
			<Cell><Data ss:Type="String">데이트룩</Data></Cell>
		</Row>
		<Row>
			<Cell><Data ss:Type="Number">120</Data></Cell>
			<Cell><Data ss:Type="String">상의_1</Data></Cell>
			<Cell><Data ss:Type="String">하의_5</Data></Cell>
			<Cell><Data ss:Type="String">가방_2</Data></Cell>
			<Cell><Data ss:Type="String">신발_9</Data></Cell>
			<Cell><Data ss:Type="String">악세_10</Data></Cell>
			<Cell><Data ss:Type="String"></Data></Cell>
			<Cell><Data ss:Type="String"></Data></Cell>
			<Cell><Data ss:Type="String">...</Data></Cell>
			<Cell><Data ss:Type="String">binaryho</Data></Cell>
			<Cell><Data ss:Type="String">바캉스룩</Data></Cell>
		</Row>
		<Row>
			<Cell><Data ss:Type="Number">121</Data></Cell>
			<Cell><Data ss:Type="String">상의_9</Data></Cell>
			<Cell><Data ss:Type="String">하의_13</Data></Cell>
			<Cell><Data ss:Type="String">가방_12</Data></Cell>
			<Cell><Data ss:Type="String">신발_11</Data></Cell>
			<Cell><Data ss:Type="String">악세_12</Data></Cell>
			<Cell><Data ss:Type="String"></Data></Cell>
			<Cell><Data ss:Type="String"></Data></Cell>
			<Cell><Data ss:Type="String">...</Data></Cell>
			<Cell><Data ss:Type="String">binaryho</Data></Cell>
			<Cell><Data ss:Type="String">데일리룩</Data></Cell>
		</Row>
		<Row>
			<Cell><Data ss:Type="Number">122</Data></Cell>
			<Cell><Data ss:Type="String">상의_3</Data></Cell>
			<Cell><Data ss:Type="String">하의_8</Data></Cell>
			<Cell><Data ss:Type="String">가방_7</Data></Cell>
			<Cell><Data ss:Type="String">신발_27</Data></Cell>
			<Cell><Data ss:Type="String">악세_9</Data></Cell>
			<Cell><Data ss:Type="String"></Data></Cell>
			<Cell><Data ss:Type="String"></Data></Cell>
			<Cell><Data ss:Type="String">...</Data></Cell>
			<Cell><Data ss:Type="String">lossryeong</Data></Cell>
			<Cell><Data ss:Type="String">데일리룩</Data></Cell>
		</Row>
		<Row>
			<Cell><Data ss:Type="Number">123</Data></Cell>
			<Cell><Data ss:Type="String">test1</Data></Cell>
			<Cell><Data ss:Type="String">가방_9</Data></Cell>
			<Cell><Data ss:Type="String"></Data></Cell>
			<Cell><Data ss:Type="String"></Data></Cell>
			<Cell><Data ss:Type="String"></Data></Cell>
			<Cell><Data ss:Type="String"></Data></Cell>
			<Cell><Data ss:Type="String"></Data></Cell>
			<Cell><Data ss:Type="String">...</Data></Cell>
			<Cell><Data ss:Type="String">king1</Data></Cell>
			<Cell><Data ss:Type="String">미니멀룩</Data></Cell>
		</Row>
		<Row>
			<Cell><Data ss:Type="Number">124</Data></Cell>
			<Cell><Data ss:Type="String">상의_1</Data></Cell>
			<Cell><Data ss:Type="String">하의_24</Data></Cell>
			<Cell><Data ss:Type="String">가방_6</Data></Cell>
			<Cell><Data ss:Type="String">신발_25</Data></Cell>
			<Cell><Data ss:Type="String"></Data></Cell>
			<Cell><Data ss:Type="String"></Data></Cell>
			<Cell><Data ss:Type="String"></Data></Cell>
			<Cell><Data ss:Type="String">...</Data></Cell>
			<Cell><Data ss:Type="String">sohyun951201</Data></Cell>
			<Cell><Data ss:Type="String">아메카지룩</Data></Cell>
		</Row>	</Table>
</Worksheet>
</Workbook>
