<?xml version="1.0" encoding="UTF-8"?>
<?mso-application progid="Excel.Sheet"?>
<Workbook xmlns="urn:schemas-microsoft-com:office:spreadsheet"
xmlns:o="urn:schemas-microsoft-com:office:office"
xmlns:x="urn:schemas-microsoft-com:office:excel"
xmlns:ss="urn:schemas-microsoft-com:office:spreadsheet"
xmlns:html="http://www.w3.org/TR/REC-html40">
<Worksheet ss:Name="Table1">
	<Table>
		<Column ss:Index="2" ss:AutoFitWidth="0" ss:Width="110"/>
		<Column ss:Index="3" ss:AutoFitWidth="0" ss:Width="110"/>
		<Row>
			<Cell><Data ss:Type="String">id</Data></Cell>
			<Cell><Data ss:Type="String">user_id</Data></Cell>
			<Cell><Data ss:Type="String">tag_like_tag_theme</Data></Cell>
		</Row>

		<Row>
			<Cell><Data ss:Type="Number">45</Data></Cell>
			<Cell><Data ss:Type="String">test2</Data></Cell>
			<Cell><Data ss:Type="String">데이트룩</Data></Cell>
		</Row>
		<Row>
			<Cell><Data ss:Type="Number">46</Data></Cell>
			<Cell><Data ss:Type="String">test2</Data></Cell>
			<Cell><Data ss:Type="String">여름코디</Data></Cell>
		</Row>
		<Row>
			<Cell><Data ss:Type="Number">47</Data></Cell>
			<Cell><Data ss:Type="String">test2</Data></Cell>
			<Cell><Data ss:Type="String">장마철룩</Data></Cell>
		</Row>
		<Row>
			<Cell><Data ss:Type="Number">48</Data></Cell>
			<Cell><Data ss:Type="String">test2</Data></Cell>
			<Cell><Data ss:Type="String">20대패션</Data></Cell>
		</Row>
		<Row>
			<Cell><Data ss:Type="Number">49</Data></Cell>
			<Cell><Data ss:Type="String">test2</Data></Cell>
			<Cell><Data ss:Type="String">30대패션</Data></Cell>
		</Row>
		<Row>
			<Cell><Data ss:Type="Number">50</Data></Cell>
			<Cell><Data ss:Type="String">test2</Data></Cell>
			<Cell><Data ss:Type="String">심플캐주얼</Data></Cell>
		</Row>
		<Row>
			<Cell><Data ss:Type="Number">113</Data></Cell>
			<Cell><Data ss:Type="String">asdf1234</Data></Cell>
			<Cell><Data ss:Type="String">데이트룩</Data></Cell>
		</Row>
		<Row>
			<Cell><Data ss:Type="Number">114</Data></Cell>
			<Cell><Data ss:Type="String">asdf1234</Data></Cell>
			<Cell><Data ss:Type="String">데님코디</Data></Cell>
		</Row>
		<Row>
			<Cell><Data ss:Type="Number">115</Data></Cell>
			<Cell><Data ss:Type="String">asdf1234</Data></Cell>
			<Cell><Data ss:Type="String">출퇴근룩</Data></Cell>
		</Row>
		<Row>
			<Cell><Data ss:Type="Number">179</Data></Cell>
			<Cell><Data ss:Type="String">test3</Data></Cell>
			<Cell><Data ss:Type="String">데이트룩</Data></Cell>
		</Row>
		<Row>
			<Cell><Data ss:Type="Number">193</Data></Cell>
			<Cell><Data ss:Type="String">hundredwinstone</Data></Cell>
			<Cell><Data ss:Type="String">데이트룩</Data></Cell>
		</Row>
		<Row>
			<Cell><Data ss:Type="Number">194</Data></Cell>
			<Cell><Data ss:Type="String">hundredwinstone</Data></Cell>
			<Cell><Data ss:Type="String">데일리룩</Data></Cell>
		</Row>
		<Row>
			<Cell><Data ss:Type="Number">195</Data></Cell>
			<Cell><Data ss:Type="String">binaryho</Data></Cell>
			<Cell><Data ss:Type="String">데이트룩</Data></Cell>
		</Row>
		<Row>
			<Cell><Data ss:Type="Number">196</Data></Cell>
			<Cell><Data ss:Type="String">binaryho</Data></Cell>
			<Cell><Data ss:Type="String">여름코디</Data></Cell>
		</Row>
		<Row>
			<Cell><Data ss:Type="Number">197</Data></Cell>
			<Cell><Data ss:Type="String">binaryho</Data></Cell>
			<Cell><Data ss:Type="String">원마일웨어</Data></Cell>
		</Row>
		<Row>
			<Cell><Data ss:Type="Number">198</Data></Cell>
			<Cell><Data ss:Type="String">binaryho</Data></Cell>
			<Cell><Data ss:Type="String">20대패션</Data></Cell>
		</Row>
		<Row>
			<Cell><Data ss:Type="Number">199</Data></Cell>
			<Cell><Data ss:Type="String">binaryho</Data></Cell>
			<Cell><Data ss:Type="String">30대패션</Data></Cell>
		</Row>
		<Row>
			<Cell><Data ss:Type="Number">200</Data></Cell>
			<Cell><Data ss:Type="String">binaryho</Data></Cell>
			<Cell><Data ss:Type="String">보헤미안룩</Data></Cell>
		</Row>
		<Row>
			<Cell><Data ss:Type="Number">201</Data></Cell>
			<Cell><Data ss:Type="String">binaryho</Data></Cell>
			<Cell><Data ss:Type="String">심플캐주얼</Data></Cell>
		</Row>
		<Row>
			<Cell><Data ss:Type="Number">210</Data></Cell>
			<Cell><Data ss:Type="String">asdf123</Data></Cell>
			<Cell><Data ss:Type="String">봄코디</Data></Cell>
		</Row>
		<Row>
			<Cell><Data ss:Type="Number">211</Data></Cell>
			<Cell><Data ss:Type="String">asdf123</Data></Cell>
			<Cell><Data ss:Type="String">장마철룩</Data></Cell>
		</Row>
		<Row>
			<Cell><Data ss:Type="Number">212</Data></Cell>
			<Cell><Data ss:Type="String">asdf123</Data></Cell>
			<Cell><Data ss:Type="String">에슬레져룩</Data></Cell>
		</Row>
		<Row>
			<Cell><Data ss:Type="Number">213</Data></Cell>
			<Cell><Data ss:Type="String">asdf123</Data></Cell>
			<Cell><Data ss:Type="String">20대패션</Data></Cell>
		</Row>
		<Row>
			<Cell><Data ss:Type="Number">214</Data></Cell>
			<Cell><Data ss:Type="String">test1</Data></Cell>
			<Cell><Data ss:Type="String">페스티벌룩</Data></Cell>
		</Row>
		<Row>
			<Cell><Data ss:Type="Number">215</Data></Cell>
			<Cell><Data ss:Type="String">test1</Data></Cell>
			<Cell><Data ss:Type="String">스트릿패션</Data></Cell>
		</Row>
		<Row>
			<Cell><Data ss:Type="Number">216</Data></Cell>
			<Cell><Data ss:Type="String">test1</Data></Cell>
			<Cell><Data ss:Type="String">여름코디</Data></Cell>
		</Row>
		<Row>
			<Cell><Data ss:Type="Number">217</Data></Cell>
			<Cell><Data ss:Type="String">test1</Data></Cell>
			<Cell><Data ss:Type="String">30대패션</Data></Cell>
		</Row>
		<Row>
			<Cell><Data ss:Type="Number">218</Data></Cell>
			<Cell><Data ss:Type="String">lossryeong</Data></Cell>
			<Cell><Data ss:Type="String">데이트룩</Data></Cell>
		</Row>
		<Row>
			<Cell><Data ss:Type="Number">219</Data></Cell>
			<Cell><Data ss:Type="String">lossryeong</Data></Cell>
			<Cell><Data ss:Type="String">데님코디</Data></Cell>
		</Row>
		<Row>
			<Cell><Data ss:Type="Number">220</Data></Cell>
			<Cell><Data ss:Type="String">lossryeong</Data></Cell>
			<Cell><Data ss:Type="String">페스티벌룩</Data></Cell>
		</Row>
		<Row>
			<Cell><Data ss:Type="Number">221</Data></Cell>
			<Cell><Data ss:Type="String">lossryeong</Data></Cell>
			<Cell><Data ss:Type="String">데일리룩</Data></Cell>
		</Row>
		<Row>
			<Cell><Data ss:Type="Number">222</Data></Cell>
			<Cell><Data ss:Type="String">lossryeong</Data></Cell>
			<Cell><Data ss:Type="String">여름코디</Data></Cell>
		</Row>
		<Row>
			<Cell><Data ss:Type="Number">223</Data></Cell>
			<Cell><Data ss:Type="String">lossryeong</Data></Cell>
			<Cell><Data ss:Type="String">장마철룩</Data></Cell>
		</Row>	</Table>
</Worksheet>
</Workbook>
