<?xml version="1.0" encoding="UTF-8"?>
<?mso-application progid="Excel.Sheet"?>
<Workbook xmlns="urn:schemas-microsoft-com:office:spreadsheet"
xmlns:o="urn:schemas-microsoft-com:office:office"
xmlns:x="urn:schemas-microsoft-com:office:excel"
xmlns:ss="urn:schemas-microsoft-com:office:spreadsheet"
xmlns:html="http://www.w3.org/TR/REC-html40">
<Worksheet ss:Name="Table1">
	<Table>
		<Column ss:Index="1" ss:AutoFitWidth="0" ss:Width="110"/>
		<Row>
			<Cell><Data ss:Type="String">codi</Data></Cell>
			<Cell><Data ss:Type="String">number</Data></Cell>
		</Row>

		<Row>
			<Cell><Data ss:Type="String">10대패션</Data></Cell>
			<Cell><Data ss:Type="Number">18</Data></Cell>
		</Row>
		<Row>
			<Cell><Data ss:Type="String">20대패션</Data></Cell>
			<Cell><Data ss:Type="Number">19</Data></Cell>
		</Row>
		<Row>
			<Cell><Data ss:Type="String">30대패션</Data></Cell>
			<Cell><Data ss:Type="Number">20</Data></Cell>
		</Row>
		<Row>
			<Cell><Data ss:Type="String">40대패션</Data></Cell>
			<Cell><Data ss:Type="Number">21</Data></Cell>
		</Row>
		<Row>
			<Cell><Data ss:Type="String">가을코디</Data></Cell>
			<Cell><Data ss:Type="Number">13</Data></Cell>
		</Row>
		<Row>
			<Cell><Data ss:Type="String">겨울코디</Data></Cell>
			<Cell><Data ss:Type="Number">14</Data></Cell>
		</Row>
		<Row>
			<Cell><Data ss:Type="String">데님코디</Data></Cell>
			<Cell><Data ss:Type="Number">2</Data></Cell>
		</Row>
		<Row>
			<Cell><Data ss:Type="String">데이트룩</Data></Cell>
			<Cell><Data ss:Type="Number">1</Data></Cell>
		</Row>
		<Row>
			<Cell><Data ss:Type="String">데일리룩</Data></Cell>
			<Cell><Data ss:Type="Number">6</Data></Cell>
		</Row>
		<Row>
			<Cell><Data ss:Type="String">미니멀룩</Data></Cell>
			<Cell><Data ss:Type="Number">10</Data></Cell>
		</Row>
		<Row>
			<Cell><Data ss:Type="String">바캉스룩</Data></Cell>
			<Cell><Data ss:Type="Number">4</Data></Cell>
		</Row>
		<Row>
			<Cell><Data ss:Type="String">보헤미안룩</Data></Cell>
			<Cell><Data ss:Type="Number">22</Data></Cell>
		</Row>
		<Row>
			<Cell><Data ss:Type="String">봄코디</Data></Cell>
			<Cell><Data ss:Type="Number">11</Data></Cell>
		</Row>
		<Row>
			<Cell><Data ss:Type="String">스트릿패션</Data></Cell>
			<Cell><Data ss:Type="Number">7</Data></Cell>
		</Row>
		<Row>
			<Cell><Data ss:Type="String">심플캐주얼</Data></Cell>
			<Cell><Data ss:Type="Number">23</Data></Cell>
		</Row>
		<Row>
			<Cell><Data ss:Type="String">아메카지룩</Data></Cell>
			<Cell><Data ss:Type="Number">9</Data></Cell>
		</Row>
		<Row>
			<Cell><Data ss:Type="String">에슬레져룩</Data></Cell>
			<Cell><Data ss:Type="Number">16</Data></Cell>
		</Row>
		<Row>
			<Cell><Data ss:Type="String">여름코디</Data></Cell>
			<Cell><Data ss:Type="Number">12</Data></Cell>
		</Row>
		<Row>
			<Cell><Data ss:Type="String">원마일웨어</Data></Cell>
			<Cell><Data ss:Type="Number">17</Data></Cell>
		</Row>
		<Row>
			<Cell><Data ss:Type="String">장마철룩</Data></Cell>
			<Cell><Data ss:Type="Number">15</Data></Cell>
		</Row>
		<Row>
			<Cell><Data ss:Type="String">출퇴근룩</Data></Cell>
			<Cell><Data ss:Type="Number">3</Data></Cell>
		</Row>
		<Row>
			<Cell><Data ss:Type="String">트렌디룩</Data></Cell>
			<Cell><Data ss:Type="Number">24</Data></Cell>
		</Row>
		<Row>
			<Cell><Data ss:Type="String">페스티벌룩</Data></Cell>
			<Cell><Data ss:Type="Number">5</Data></Cell>
		</Row>
		<Row>
			<Cell><Data ss:Type="String">하객룩</Data></Cell>
			<Cell><Data ss:Type="Number">8</Data></Cell>
		</Row>	</Table>
</Worksheet>
</Workbook>
