<?xml version="1.0" encoding="UTF-8"?>
<?mso-application progid="Excel.Sheet"?>
<Workbook xmlns="urn:schemas-microsoft-com:office:spreadsheet"
xmlns:o="urn:schemas-microsoft-com:office:office"
xmlns:x="urn:schemas-microsoft-com:office:excel"
xmlns:ss="urn:schemas-microsoft-com:office:spreadsheet"
xmlns:html="http://www.w3.org/TR/REC-html40">
<Worksheet ss:Name="Table1">
	<Table>
		<Column ss:Index="1" ss:AutoFitWidth="0" ss:Width="110"/>
		<Column ss:Index="2" ss:AutoFitWidth="0" ss:Width="110"/>
		<Column ss:Index="3" ss:AutoFitWidth="0" ss:Width="110"/>
		<Column ss:Index="4" ss:AutoFitWidth="0" ss:Width="110"/>
		<Row>
			<Cell><Data ss:Type="String">user_ID</Data></Cell>
			<Cell><Data ss:Type="String">user_Name</Data></Cell>
			<Cell><Data ss:Type="String">user_Password</Data></Cell>
			<Cell><Data ss:Type="String">record_Data</Data></Cell>
		</Row>

		<Row>
			<Cell><Data ss:Type="String">*MIN*</Data></Cell>
			<Cell><Data ss:Type="String">박민쌤</Data></Cell>
			<Cell><Data ss:Type="String">java</Data></Cell>
			<Cell><Data ss:Type="String">2022-07-27 16:16:00</Data></Cell>
		</Row>
		<Row>
			<Cell><Data ss:Type="String">asdf123</Data></Cell>
			<Cell><Data ss:Type="String">아아</Data></Cell>
			<Cell><Data ss:Type="String">asdf123</Data></Cell>
			<Cell><Data ss:Type="String">2022-08-02 14:06:52</Data></Cell>
		</Row>
		<Row>
			<Cell><Data ss:Type="String">asdf1234</Data></Cell>
			<Cell><Data ss:Type="String">가나다</Data></Cell>
			<Cell><Data ss:Type="String">asdfa</Data></Cell>
			<Cell><Data ss:Type="String">2022-08-01 14:28:09</Data></Cell>
		</Row>
		<Row>
			<Cell><Data ss:Type="String">binaryho</Data></Cell>
			<Cell><Data ss:Type="String">이진호</Data></Cell>
			<Cell><Data ss:Type="String">king1</Data></Cell>
			<Cell><Data ss:Type="String">2022-07-27 14:48:23</Data></Cell>
		</Row>
		<Row>
			<Cell><Data ss:Type="String">binaryho2</Data></Cell>
			<Cell><Data ss:Type="String">진호</Data></Cell>
			<Cell><Data ss:Type="String">king1</Data></Cell>
			<Cell><Data ss:Type="String">2022-08-02 10:28:03</Data></Cell>
		</Row>
		<Row>
			<Cell><Data ss:Type="String">dancingmachine</Data></Cell>
			<Cell><Data ss:Type="String">장예림</Data></Cell>
			<Cell><Data ss:Type="String">dance</Data></Cell>
			<Cell><Data ss:Type="String">2022-07-27 14:48:00</Data></Cell>
		</Row>
		<Row>
			<Cell><Data ss:Type="String">hundredwinstone</Data></Cell>
			<Cell><Data ss:Type="String">백승석</Data></Cell>
			<Cell><Data ss:Type="String">white</Data></Cell>
			<Cell><Data ss:Type="String">2022-07-27 14:44:25</Data></Cell>
		</Row>
		<Row>
			<Cell><Data ss:Type="String">inha123</Data></Cell>
			<Cell><Data ss:Type="String">전인하</Data></Cell>
			<Cell><Data ss:Type="String">inha123</Data></Cell>
			<Cell><Data ss:Type="String">2022-08-02 09:41:32</Data></Cell>
		</Row>
		<Row>
			<Cell><Data ss:Type="String">king1</Data></Cell>
			<Cell><Data ss:Type="String">진호</Data></Cell>
			<Cell><Data ss:Type="String">king1</Data></Cell>
			<Cell><Data ss:Type="String">2022-08-02 10:26:51</Data></Cell>
		</Row>
		<Row>
			<Cell><Data ss:Type="String">longestho</Data></Cell>
			<Cell><Data ss:Type="String">최장호</Data></Cell>
			<Cell><Data ss:Type="String">master</Data></Cell>
			<Cell><Data ss:Type="String">2022-07-27 14:48:52</Data></Cell>
		</Row>
		<Row>
			<Cell><Data ss:Type="String">lossryeong</Data></Cell>
			<Cell><Data ss:Type="String">손혜령</Data></Cell>
			<Cell><Data ss:Type="String">hand0</Data></Cell>
			<Cell><Data ss:Type="String">2022-07-27 14:47:26</Data></Cell>
		</Row>
		<Row>
			<Cell><Data ss:Type="String">magic22x</Data></Cell>
			<Cell><Data ss:Type="String">김진성</Data></Cell>
			<Cell><Data ss:Type="String">ehddhks777</Data></Cell>
			<Cell><Data ss:Type="String">2022-08-02 09:30:20</Data></Cell>
		</Row>
		<Row>
			<Cell><Data ss:Type="String">q1w2e3</Data></Cell>
			<Cell><Data ss:Type="String">안녕</Data></Cell>
			<Cell><Data ss:Type="String">q1w2e3</Data></Cell>
			<Cell><Data ss:Type="String">2022-08-02 09:58:21</Data></Cell>
		</Row>
		<Row>
			<Cell><Data ss:Type="String">q1w2e3r4</Data></Cell>
			<Cell><Data ss:Type="String">오옹</Data></Cell>
			<Cell><Data ss:Type="String">q1w2e3r4</Data></Cell>
			<Cell><Data ss:Type="String">2022-08-02 14:18:06</Data></Cell>
		</Row>
		<Row>
			<Cell><Data ss:Type="String">sohyun951201</Data></Cell>
			<Cell><Data ss:Type="String">혜령사랑소현</Data></Cell>
			<Cell><Data ss:Type="String">123456so</Data></Cell>
			<Cell><Data ss:Type="String">2022-08-03 16:53:45</Data></Cell>
		</Row>
		<Row>
			<Cell><Data ss:Type="String">test1</Data></Cell>
			<Cell><Data ss:Type="String">test1</Data></Cell>
			<Cell><Data ss:Type="String">test</Data></Cell>
			<Cell><Data ss:Type="String">2022-07-27 10:50:22</Data></Cell>
		</Row>
		<Row>
			<Cell><Data ss:Type="String">test11</Data></Cell>
			<Cell><Data ss:Type="String">최테스트</Data></Cell>
			<Cell><Data ss:Type="String">test1</Data></Cell>
			<Cell><Data ss:Type="String">2022-07-28 11:55:16</Data></Cell>
		</Row>
		<Row>
			<Cell><Data ss:Type="String">test2</Data></Cell>
			<Cell><Data ss:Type="String">test2</Data></Cell>
			<Cell><Data ss:Type="String">test</Data></Cell>
			<Cell><Data ss:Type="String">2022-07-27 10:50:22</Data></Cell>
		</Row>
		<Row>
			<Cell><Data ss:Type="String">test3</Data></Cell>
			<Cell><Data ss:Type="String">test3</Data></Cell>
			<Cell><Data ss:Type="String">test</Data></Cell>
			<Cell><Data ss:Type="String">2022-07-27 10:50:22</Data></Cell>
		</Row>
		<Row>
			<Cell><Data ss:Type="String">yoyobiii2</Data></Cell>
			<Cell><Data ss:Type="String">장영빈</Data></Cell>
			<Cell><Data ss:Type="String">yoyobiii2</Data></Cell>
			<Cell><Data ss:Type="String">2022-08-02 14:08:40</Data></Cell>
		</Row>
		<Row>
			<Cell><Data ss:Type="String">zerowinstone</Data></Cell>
			<Cell><Data ss:Type="String">영승석</Data></Cell>
			<Cell><Data ss:Type="String">00000</Data></Cell>
			<Cell><Data ss:Type="String">2022-07-27 16:00:05</Data></Cell>
		</Row>	</Table>
</Worksheet>
</Workbook>
